tre_ID	OG_1	OG_2	OG_3	OG_4	OG_5	OG_6	OG_7	OG_8
OG0000622_254	COF_0004302,MIM_0000394,ACT_0023101,SOL_0012491,CEC_0013176,PHA_0024310,GLY_0001404,ardaradu.V14167.gnm1.Aradu.A09g03327,LOC107619373,arharahy.Tifrunner.gnm1.Arahy.19g03446,MED_0006003,CUC_0022948,PRU_0043513,POP_0004022,CER_0005915,HEL_0032404,GIN_0003826,VIT_0020106,AMB_0015029,NYM_0031460,LIR_0011521,CIN_0014370,AQU_0041447,ASP_0020588,ARA_0021295,ORY_0002729,BRA_0051014	ACT_0022072,VIT_0011530	BRA_0017726,ORY_0027410	ardaradu.V14167.gnm1.Aradu.A04g01481,arharahy.Tifrunner.gnm1.Arahy.04g01974	ARA_0009232,POP_0041144	AMB_0013109,NYM_0039904		
OG0000629_253	CHL_0018125,CER_0041443,AMB_0004265,CIN_0024327,LIR_0018396,CUC_0018743,AQU_0022621,ARA_0000740,VIT_0003816,PRU_0027988,CEC_0006191,PHA_0025988,GLY_0070991,MED_0036206,LOC107647031,arharahy.Tifrunner.gnm1.Arahy.16g02177,POP_0047556,ACT_0000331,COF_0012542,SOL_0017211,HEL_0003890,ASP_0018184,ORY_0024258,BRA_0045448,NYM_0038056,GIN_0006035,MAR_0008862	CUC_0030054,HEL_0008141	BRA_0028228,ORY_0005275	ardaradu.V14167.gnm1.Aradu.A06g02019,arharahy.Tifrunner.gnm1.Arahy.06g01993	BRA_0005690,ORY_0020018	COF_0015233,MIM_0021590		
OG0000630_253	CHL_0008557,DUN_0004957,CER_0003276,MAR_0021662,GIN_0006097,BRA_0034611,ORY_0033786,ASP_0001531,NYM_0026841,LIR_0007521,CIN_0003084,CEC_0011103,PHA_0006280,GLY_0060194,MED_0022897,LOC107609322,arharahy.Tifrunner.gnm1.Arahy.17g01500,POP_0035739,CUC_0020761,PRU_0046012,AMB_0021627,MIM_0007066,HEL_0001398,ARA_0005028,VIT_0028206	ACT_0026979,COF_0007638,MIM_0003992,SOL_0017111,HEL_0001361,POP_0025872	ardaradu.V14167.gnm1.Aradu.A07g01339,arharahy.Tifrunner.gnm1.Arahy.07g01299	LOC107642231,arharahy.Tifrunner.gnm1.Arahy.15g03956				
OG0000631_253	MAR_0000184,CER_0073004,GIN_0016554,AMB_0000091,AQU_0032195,POP_0041975,PRU_0010739,CUC_0007200,ACT_0000670,CEC_0009246,GLY_0016873,MED_0041578,LOC107630983,arharahy.Tifrunner.gnm1.Arahy.13g03512,ardaradu.V14167.gnm1.Aradu.A03g03319,ARA_0015767,VIT_0028016,CIN_0004674,CHL_0015283	PHA_0008461,GLY_0019897,MED_0015548	ardaradu.V14167.gnm1.Aradu.A10g02107,arharahy.Tifrunner.gnm1.Arahy.10g01949	ACT_0023900,NYM_0029664				
OG0000633_253	CHL_0017552,DUN_0002869,ACT_0008296,MIM_0026843,SOL_0024697,COF_0009281,HEL_0025668,CUC_0020742,ARA_0024514,CEC_0028221,PHA_0029724,GLY_0031130,MED_0007488,LOC107638776,arharahy.Tifrunner.gnm1.Arahy.14g00806,ardaradu.V14167.gnm1.Aradu.A04g00659,POP_0025944,PRU_0043945,VIT_0013333,AQU_0010430,ASP_0019659,BRA_0027943,ORY_0007198,LIR_0014636,CIN_0013617,AMB_0001043,NYM_0013226,GIN_0012213,MAR_0000596	PHA_0019435,GLY_0066312,ardaradu.V14167.gnm1.Aradu.A04g02967,arharahy.Tifrunner.gnm1.Arahy.04g02686	CIN_0012908,LIR_0012729					
OG0000637_252	DUN_0006416,CHL_0007206,GIN_0018851,NYM_0038852,CIN_0002375,LIR_0027078,ASP_0022615,ORY_0021138,BRA_0011320,AQU_0025612,VIT_0023226,ARA_0009958,POP_0019094,PHA_0012170,GLY_0012372,MED_0011352,CUC_0001867,PRU_0011811,COF_0014531,MIM_0029935,SOL_0001781,HEL_0049707,ACT_0027552	MAR_0013706,CER_0053753,GIN_0000171	ardaradu.V14167.gnm1.Aradu.A08g00765,arharahy.Tifrunner.gnm1.Arahy.08g00778	GLY_0031345,PHA_0031778				
OG0000648_249	CHL_0016615,DUN_0016218,MAR_0007008,ARA_0009666,CEC_0007339,GLY_0023519,PHA_0007567,MED_0031448,LOC107644247,ardaradu.V14167.gnm1.Aradu.A05g02942,arharahy.Tifrunner.gnm1.Arahy.05g02793,PRU_0022401,CUC_0009699,POP_0013497,VIT_0006238,COF_0011914,HEL_0032438,AQU_0039858,ASP_0021456,ORY_0029135,BRA_0052948,CIN_0017357,LIR_0013957,AMB_0019306,NYM_0028819,CER_0048926	COF_0011485,MIM_0006681,SOL_0023409,HEL_0013122,ACT_0036748,CEC_0031413,PHA_0001031,GLY_0022322,MED_0037653,LOC107617331,ardaradu.V14167.gnm1.Aradu.A09g00370,arharahy.Tifrunner.gnm1.Arahy.09g00376,CUC_0027798,PRU_0036514,VIT_0019468,AQU_0021221,CIN_0010161,LIR_0041790	ASP_0001023,BRA_0005508,ORY_0018822,LIR_0000004,CIN_0010612,ARA_0024885	BRA_0014884,ORY_0011580	ardaradu.V14167.gnm1.Aradu.A03g04306,arharahy.Tifrunner.gnm1.Arahy.03g04291	ardaradu.V14167.gnm1.Aradu.A08g00963,arharahy.Tifrunner.gnm1.Arahy.17g03473		
OG0000651_249	CHL_0014446,DUN_0004217,MAR_0022041,GIN_0023529,AMB_0000453,NYM_0003286,AQU_0004921,CEC_0022621,GLY_0049679,PHA_0010970,MED_0009804,ardaradu.V14167.gnm1.Aradu.A08g01542,arharahy.Tifrunner.gnm1.Arahy.18g00660,VIT_0025336,PRU_0013178,SOL_0029624,ASP_0013598,ORY_0003161,BRA_0034384,CIN_0027468,LIR_0007640,CER_0019647	AQU_0001667,ASP_0008977,CEC_0005006,MED_0036808,LOC107648004,ardaradu.V14167.gnm1.Aradu.A06g00411,arharahy.Tifrunner.gnm1.Arahy.06g00438,GLY_0010498,POP_0043155,COF_0008846,PRU_0015329,VIT_0000788,SOL_0025630,ACT_0004640,CUC_0013865	BRA_0033476,ORY_0012981	ardaradu.V14167.gnm1.Aradu.A02g02770,arharahy.Tifrunner.gnm1.Arahy.02g02651				
OG0000652_249	CHL_0014142,DUN_0001482,MAR_0007534,CER_0023690,GIN_0017611,NYM_0043204,AMB_0007372,ACT_0036067,VIT_0024116,POP_0026327,PRU_0012477,LOC107613469,ardaradu.V14167.gnm1.Aradu.A08g01354,GLY_0040506,PHA_0013567,MED_0019553,arharahy.Tifrunner.gnm1.Arahy.09g01987,SOL_0005322,ARA_0000460,HEL_0018457,COF_0001258,AQU_0026295,ASP_0009168,ORY_0019841,BRA_0001130,LIR_0029720	CER_0045544,ASP_0008044,ARA_0019569,POP_0005448,CEC_0005884,MED_0003107,LOC107648706,ardaradu.V14167.gnm1.Aradu.A06g01489,GLY_0047195,PHA_0036995,PRU_0013122,CUC_0023575,VIT_0003295,COF_0014939,MIM_0021935,SOL_0007571,ACT_0025343,BRA_0007440,ORY_0018443,LIR_0028211,AMB_0014536,NYM_0042265	CEC_0022880,GLY_0040501,PHA_0015391,LOC107629120,MED_0010459	BRA_0041141,ORY_0035869	GIN_0022163,HEL_0025917	BRA_0042934,ORY_0015372	AQU_0023818,ASP_0017887	ardaradu.V14167.gnm1.Aradu.A02g01253,arharahy.Tifrunner.gnm1.Arahy.02g01259
OG0000657_248	CHL_0012304,DUN_0000609,MAR_0012427,CER_0039440,GIN_0009288,AMB_0003052,NYM_0014934,AQU_0028228,ACT_0028526,COF_0000785,MIM_0007882,SOL_0024058,HEL_0033811,ARA_0027110,POP_0031343,CEC_0022511,PHA_0010639,GLY_0044785,MED_0009898,LOC107613170,arharahy.Tifrunner.gnm1.Arahy.18g00763,CUC_0005464,PRU_0015207,VIT_0025358,ASP_0002652,BRA_0006955,ORY_0015937	ardaradu.V14167.gnm1.Aradu.A08g01623,arharahy.Tifrunner.gnm1.Arahy.08g01658	LIR_0006227,HEL_0050254	LOC107630000,arharahy.Tifrunner.gnm1.Arahy.13g01570				
OG0000658_248	CHL_0008883,DUN_0001620,MAR_0017167,CER_0040993,AMB_0014969,ARA_0022077,ASP_0011278,MIM_0013559,HEL_0003914,COF_0005675,SOL_0023382,CEC_0024626,GLY_0013868,PHA_0006652,MED_0015377,LOC107623443,ardaradu.V14167.gnm1.Aradu.A10g01839,arharahy.Tifrunner.gnm1.Arahy.10g01738,POP_0013824,PRU_0002270,VIT_0007652,AQU_0030070,CIN_0001922,LIR_0045774,NYM_0025654,GIN_0018360	AQU_0025613,COF_0015254,MIM_0021628,SOL_0023851,POP_0047035,CUC_0018764,PRU_0027364,VIT_0003356,CIN_0024675,LIR_0018061,ASP_0013133,BRA_0005583,ORY_0009958,AMB_0000456,NYM_0031829	BRA_0007408,ORY_0030031	ardaradu.V14167.gnm1.Aradu.A09g00434,arharahy.Tifrunner.gnm1.Arahy.09g00444	BRA_0015300,ORY_0009678	ardaradu.V14167.gnm1.Aradu.A08g00663,arharahy.Tifrunner.gnm1.Arahy.08g00658	CIN_0010419,LIR_0041250	
OG0000665_247	MAR_0024558,AMB_0004131,CIN_0003305,LIR_0000936,AQU_0014718,CUC_0002392,MED_0006634,GLY_0013236,PHA_0031416,LOC107623790,arharahy.Tifrunner.gnm1.Arahy.20g00526,PRU_0017413,POP_0018241,VIT_0016936,COF_0006915,MIM_0028115,SOL_0015392,HEL_0030229,ACT_0006218,ASP_0026832,BRA_0029360,ORY_0008346,NYM_0006960,CHL_0004706,DUN_0000145	AMB_0004389,AQU_0022568,CEC_0027661,PHA_0030190,GLY_0048671,ardaradu.V14167.gnm1.Aradu.A10g00310,arharahy.Tifrunner.gnm1.Arahy.10g00323,HEL_0010238,SOL_0014062,MIM_0029354,VIT_0020167,PRU_0017270,LIR_0000581,GIN_0011893	AMB_0012354,ASP_0023240,CIN_0027704	LOC107627767,arharahy.Tifrunner.gnm1.Arahy.12g02611	ardaradu.V14167.gnm1.Aradu.A09g02897,arharahy.Tifrunner.gnm1.Arahy.09g02693	LOC107615793,arharahy.Tifrunner.gnm1.Arahy.16g00847		
OG0000667_246	DUN_0005752,CHL_0007233,NYM_0037599,HEL_0045094,POP_0008978,AQU_0007258,SOL_0009863,CUC_0019050,MED_0029250,ARA_0002379,COF_0017658,MIM_0004340	ACT_0017052,AQU_0022537,CUC_0028564,POP_0045040,VIT_0019586,CEC_0024784,MED_0027722,GLY_0051254,PHA_0016859,LOC107609346,arharahy.Tifrunner.gnm1.Arahy.17g01003,MIM_0011960,HEL_0007254,PRU_0001121,CIN_0012776,LIR_0028667,AMB_0014787,NYM_0024202,BRA_0034943,ORY_0034484	CEC_0023507,LOC107605626,PHA_0028574,GLY_0051697,POP_0000160,PRU_0043188,VIT_0010784,CUC_0027041	BRA_0019384,ORY_0026512	ardaradu.V14167.gnm1.Aradu.A07g00825,arharahy.Tifrunner.gnm1.Arahy.07g00801			
OG0000669_246	DUN_0010966,CHL_0005560,BRA_0002629,ORY_0019958,NYM_0016895,CUC_0021012,POP_0035571,PHA_0020842,GLY_0015434,MED_0025983,arharahy.Tifrunner.gnm1.Arahy.19g03087,LOC107617327,VIT_0018002,MAR_0015986	CUC_0003129,MIM_0004073,VIT_0002475	AQU_0004628,CIN_0003513,LIR_0031313	PRU_0001633,VIT_0019084	ardaradu.V14167.gnm1.Aradu.A09g03592,arharahy.Tifrunner.gnm1.Arahy.09g03482			
OG0001259_162	CHL_0004292,DUN_0008883,CER_0061482,MAR_0003640,AMB_0008470,NYM_0008025,CIN_0005216,LIR_0043491,AQU_0015004,ARA_0006623,POP_0027697,CEC_0022175,GLY_0035871,PHA_0013280,MED_0020597,LOC107630136,arharahy.Tifrunner.gnm1.Arahy.13g01991,CUC_0020998,PRU_0021149,VIT_0024004,COF_0014279,MIM_0031203,SOL_0000684,HEL_0038919,ACT_0003364,ASP_0024647,ORY_0005612,BRA_0027794,GIN_0002454	PHA_0031266,GLY_0048812,MED_0006496	ardaradu.V14167.gnm1.Aradu.A03g01614,arharahy.Tifrunner.gnm1.Arahy.03g01765					
OG0001260_162	CHL_0003136,DUN_0015685,MAR_0012545,CER_0004381,AMB_0019601,NYM_0038572,ASP_0005943,ORY_0021444,BRA_0056391,AQU_0021728,CIN_0010428,LIR_0025713,ARA_0023244,CEC_0012030,PHA_0002987,GLY_0060939,LOC107616854,arharahy.Tifrunner.gnm1.Arahy.19g01998,MED_0023664,CUC_0005923,PRU_0026783,POP_0006902,MIM_0016335,COF_0004182,SOL_0000561,HEL_0001990,ACT_0003794,VIT_0016351,GIN_0025622	LOC107627297,arharahy.Tifrunner.gnm1.Arahy.12g01651						
OG0001266_162	CHL_0000558,DUN_0018764,AMB_0007806,ASP_0003916,ORY_0038107,BRA_0056648,CIN_0010758,COF_0009681,MIM_0004901,SOL_0025762,HEL_0019212,ACT_0028826,CER_0058484,VIT_0031422,PRU_0045866,ARA_0016761,CUC_0000954,POP_0036707,CEC_0011495,PHA_0005441,GLY_0060372,MED_0023128,ardaradu.V14167.gnm1.Aradu.A10g00024,arharahy.Tifrunner.gnm1.Arahy.10g00023,NYM_0024099,GIN_0005410	AQU_0004552,HEL_0031267	ardaradu.V14167.gnm1.Aradu.A04g00957,arharahy.Tifrunner.gnm1.Arahy.04g00973	ACT_0004987,CER_0067187				
OG0001267_162	CHL_0014164,DUN_0007879,NYM_0031205,ORY_0003253,BRA_0044274,AMB_0016333,CIN_0001200,LIR_0045284,AQU_0003633,ACT_0009636,CUC_0020683,ARA_0001597,PRU_0004448,POP_0016383,CEC_0020832,GLY_0057384,PHA_0001742,MED_0038131,LOC107624247,ardaradu.V14167.gnm1.Aradu.A02g00372,arharahy.Tifrunner.gnm1.Arahy.02g00403,MIM_0026210,SOL_0009135,COF_0004512,HEL_0013537,VIT_0012626,ASP_0010222,GIN_0000233	ASP_0004411,LIR_0011418,NYM_0028712,CER_0049493	GLY_0070537,PHA_0008392					
OG0001270_161	CHL_0005946,DUN_0002486,ACT_0036133,HEL_0008504,COF_0006148,MIM_0013280,SOL_0023624,ARA_0017097,POP_0011249,CUC_0025216,CEC_0024702,PHA_0019933,GLY_0046183,LOC107609950,arharahy.Tifrunner.gnm1.Arahy.17g02542,MED_0029094,PRU_0001609,VIT_0019510,AQU_0025314,ASP_0002551,BRA_0011022,ORY_0020744,CIN_0015476,LIR_0010712,AMB_0014091,NYM_0043277,GIN_0019279	ardaradu.V14167.gnm1.Aradu.A08g00153,arharahy.Tifrunner.gnm1.Arahy.08g00154						
OG0001272_161	CHL_0008396,DUN_0004410,CER_0056708,ASP_0025313,BRA_0044694,ORY_0001597,CIN_0002847,LIR_0020365,AQU_0007376,ACT_0021747,MIM_0024125,COF_0022102,SOL_0010268,HEL_0007541,VIT_0010276,CUC_0026402,POP_0002195,PHA_0029068,GLY_0063227,LOC107648584,ardaradu.V14167.gnm1.Aradu.A06g03665,arharahy.Tifrunner.gnm1.Arahy.06g03415,MED_0000825,ARA_0022897,PRU_0045872,AMB_0001895,NYM_0012907,GIN_0020374	PHA_0005516,GLY_0003931,MED_0040538	BRA_0041571,ORY_0013754	COF_0017526,SOL_0014575	ardaradu.V14167.gnm1.Aradu.A07g01200,arharahy.Tifrunner.gnm1.Arahy.07g01185			
OG0001277_161	CHL_0015165,DUN_0007161,CER_0002442,GIN_0013963,AMB_0010237,CIN_0020388,LIR_0010911,AQU_0018367,ARA_0012286,POP_0023427,CEC_0031371,GLY_0022281,PHA_0001684,MED_0037742,LOC107617942,arharahy.Tifrunner.gnm1.Arahy.19g00608,CUC_0027748,PRU_0036431,VIT_0029594,COF_0011449,SOL_0022882,MIM_0008452,HEL_0000420,ACT_0005461,ASP_0001476,ORY_0029943,BRA_0016482,NYM_0009246,MAR_0008334	ardaradu.V14167.gnm1.Aradu.A07g01958,arharahy.Tifrunner.gnm1.Arahy.07g01791	ORY_0021094,BRA_0046733					
OG0001278_161	CHL_0006814,DUN_0017406,AMB_0017741,CIN_0000234,LIR_0034140,ASP_0010883,ORY_0017345,BRA_0019036,AQU_0033236,VIT_0004585,ACT_0018630,HEL_0025558,COF_0005538,SOL_0012161,MIM_0017592,POP_0027444,PRU_0043535,CEC_0013041,GLY_0042124,PHA_0027066,MED_0026360,LOC107623286,ardaradu.V14167.gnm1.Aradu.A10g00744,arharahy.Tifrunner.gnm1.Arahy.10g00774,ARA_0026595,MAR_0003379,NYM_0039335	GLY_0012570,PHA_0016837,MED_0011182,CEC_0013365,VIT_0014822						
OG0001280_161	CHL_0017523,DUN_0016657,MAR_0000554,ACT_0026013,HEL_0040183,AMB_0005742,GIN_0026896,NYM_0011156,CIN_0006835,ORY_0023995,BRA_0044717,AQU_0042050,ARA_0013452,CUC_0015811,POP_0023676,CEC_0016290,GLY_0058539,PHA_0004821,LOC107638629,arharahy.Tifrunner.gnm1.Arahy.14g00595,ardaradu.V14167.gnm1.Aradu.A03g02727,MED_0025383,PRU_0024768,VIT_0014504,MIM_0019810,SOL_0019567,COF_0023034	CEC_0005257,PHA_0009851,GLY_0012331,MED_0008625,LOC107606112,arharahy.Tifrunner.gnm1.Arahy.17g03246	VIT_0011513,ACT_0012675,COF_0002795,MIM_0002721,SOL_0012558	LOC107642448,ardaradu.V14167.gnm1.Aradu.A05g00237,arharahy.Tifrunner.gnm1.Arahy.05g00268	CER_0057318,HEL_0044823	ardaradu.V14167.gnm1.Aradu.A01g00720,arharahy.Tifrunner.gnm1.Arahy.01g01063		
OG0001284_160	CHL_0012870,DUN_0007337,GIN_0019256,NYM_0008050,COF_0003877,MIM_0031014,SOL_0009804,HEL_0048986,ACT_0009266,ARA_0011083,POP_0000537,CEC_0031775,GLY_0022103,PHA_0001570,MED_0017131,LOC107638393,arharahy.Tifrunner.gnm1.Arahy.14g00052,CUC_0025136,PRU_0031845,VIT_0012781,AQU_0019549,ASP_0018617,ORY_0022044,BRA_0053929,CIN_0017466,LIR_0007127,CER_0027469,MAR_0005436	BRA_0000589,ORY_0027781	GLY_0053514,PHA_0011434					
OG0001285_160	DUN_0008183,ACT_0001719,AQU_0032745,GIN_0024340,POP_0003670,CUC_0002012,HEL_0004325,SOL_0014621,VIT_0028630,COF_0018067,PRU_0030166,AMB_0016578,MED_0025118,CEC_0016482,GLY_0002099,PHA_0035248,LOC107631822,arharahy.Tifrunner.gnm1.Arahy.13g04340,ARA_0000532,MIM_0032026,CIN_0018239,LIR_0030793,NYM_0014891,ORY_0005151,BRA_0028138	CEC_0005389,GLY_0003331,PHA_0024808,VIT_0021722,ACT_0025017,MIM_0008127,COF_0002122,POP_0016081,LIR_0007677,CIN_0008453	ardaradu.V14167.gnm1.Aradu.A02g00769,arharahy.Tifrunner.gnm1.Arahy.02g00813	ardaradu.V14167.gnm1.Aradu.A03g04252,arharahy.Tifrunner.gnm1.Arahy.03g04233	VIT_0031722,ACT_0017044			
OG0001289_160	CHL_0017926,DUN_0014540,GIN_0009848,VIT_0002974,ACT_0019116,LIR_0018046,AQU_0005520,CEC_0006110,GLY_0069610,PHA_0027306,MED_0036115,LOC107648785,arharahy.Tifrunner.gnm1.Arahy.16g02028,PRU_0027409,POP_0005802,ARA_0000654,CUC_0005089,COF_0015139,SOL_0008973,MIM_0020356,HEL_0030928,NYM_0028990,CER_0006496,MAR_0015806	ardaradu.V14167.gnm1.Aradu.A06g01882,arharahy.Tifrunner.gnm1.Arahy.06g01865	ORY_0002045,BRA_0048576					
OG0001294_159	CHL_0014243,DUN_0001488,MAR_0017894,CER_0012637,AMB_0008798,NYM_0000892,ASP_0024570,ORY_0031759,BRA_0024302,CIN_0016802,LIR_0043434,ARA_0012956,POP_0029760,CEC_0021840,PHA_0011826,GLY_0028254,MED_0009169,LOC107613305,arharahy.Tifrunner.gnm1.Arahy.18g01920,CUC_0015153,PRU_0018999,VIT_0022650,COF_0013966,SOL_0028938,MIM_0028703,HEL_0002547,ACT_0017509,AQU_0012499,GIN_0008451	ardaradu.V14167.gnm1.Aradu.A09g01500,arharahy.Tifrunner.gnm1.Arahy.09g01490	MED_0036773,GLY_0010455					
OG0001297_159	CHL_0006916,DUN_0011960,CER_0070767,MAR_0013453,AMB_0018636,NYM_0039076,ASP_0013235,BRA_0014083,ORY_0027867,CIN_0011669,LIR_0039316,AQU_0018365,VIT_0026309,ARA_0000220,POP_0039987,CEC_0011872,GLY_0035527,PHA_0025080,MED_0023486,LOC107642500,arharahy.Tifrunner.gnm1.Arahy.11g03321,CUC_0005778,PRU_0042131,ACT_0030634,COF_0015929,MIM_0016894,SOL_0002117,HEL_0020940	ardaradu.V14167.gnm1.Aradu.A01g00192,arharahy.Tifrunner.gnm1.Arahy.01g00212	LOC107611443,ardaradu.V14167.gnm1.Aradu.A08g02278	ardaradu.V14167.gnm1.Aradu.A08g02270,arharahy.Tifrunner.gnm1.Arahy.08g02302	ardaradu.V14167.gnm1.Aradu.A08g02275,arharahy.Tifrunner.gnm1.Arahy.08g02304	ardaradu.V14167.gnm1.Aradu.A08g02273,arharahy.Tifrunner.gnm1.Arahy.08g02303	GLY_0046606,PHA_0005885	
OG0001299_159	CHL_0018866,DUN_0009412,MAR_0021446,GIN_0022659,AMB_0008088,NYM_0042997,ARA_0011686,CEC_0004976,PHA_0030433,GLY_0070284,MED_0036827,LOC107645851,arharahy.Tifrunner.gnm1.Arahy.16g01131,CUC_0010998,PRU_0016571,POP_0041839,COF_0008716,VIT_0001250,AQU_0008601,ORY_0013051,BRA_0039648,ASP_0017390,CIN_0008002,LIR_0008606	ASP_0017696,ORY_0016125,BRA_0035581	ardaradu.V14167.gnm1.Aradu.A06g00392,arharahy.Tifrunner.gnm1.Arahy.06g00416					
OG0001307_159	CHL_0009956,DUN_0003302,CER_0003982,ASP_0005295,ORY_0033844,BRA_0031985,CIN_0016191,LIR_0027513,AQU_0004098,ARA_0020777,CUC_0029055,HEL_0018145,POP_0009204,CEC_0022873,PHA_0014588,GLY_0043145,MED_0019542,LOC107632348,ardaradu.V14167.gnm1.Aradu.A03g00259,arharahy.Tifrunner.gnm1.Arahy.03g00316,PRU_0016725,MIM_0009432,SOL_0006836,COF_0001237,VIT_0025023,AMB_0013654,NYM_0043542,MAR_0020566,GIN_0011084	CEC_0005867,MED_0035884,LOC107648216,arharahy.Tifrunner.gnm1.Arahy.16g01656,ARA_0017598,CUC_0003915,PRU_0013180,VIT_0003374,ACT_0030304,COF_0014926,MIM_0015403,SOL_0008133,HEL_0019240	ardaradu.V14167.gnm1.Aradu.A06g01461,arharahy.Tifrunner.gnm1.Arahy.06g01562	ardaradu.V14167.gnm1.Aradu.A06g01461,arharahy.Tifrunner.gnm1.Arahy.06g01562				
OG0001309_158	MAR_0019918,GIN_0000950,AMB_0008439,NYM_0028502,ORY_0009882,BRA_0010764,ASP_0016443,HEL_0007177,LIR_0041510,CIN_0005748,AQU_0022727,VIT_0022713,ARA_0004565,POP_0027956,CEC_0022122,GLY_0045152,PHA_0012056,MED_0009604,ardaradu.V14167.gnm1.Aradu.A03g02564,arharahy.Tifrunner.gnm1.Arahy.03g02693,CUC_0026334,PRU_0017690,COF_0014234,MIM_0030345,SOL_0001619,ACT_0005158,CER_0037511	GLY_0070640,PHA_0002920,MED_0001702	ardaradu.V14167.gnm1.Aradu.A09g03305,arharahy.Tifrunner.gnm1.Arahy.09g03142					
OG0001311_158	CHL_0018628,DUN_0012643,VIT_0017143,ACT_0006366,SOL_0020387,MIM_0001104,COF_0020459,HEL_0038258,ARA_0010544,CEC_0017091,PHA_0005832,GLY_0015047,MED_0021982,LOC107630361,arharahy.Tifrunner.gnm1.Arahy.11g01540,PRU_0022289,CUC_0023093,POP_0024181,AQU_0020685,AMB_0001588,NYM_0011630,ASP_0006111,ORY_0021611,BRA_0044886,CIN_0001640,MAR_0011608,CER_0026561,GIN_0007054	BRA_0026873,ORY_0006285	ardaradu.V14167.gnm1.Aradu.A06g02808,arharahy.Tifrunner.gnm1.Arahy.06g02676	ardaradu.V14167.gnm1.Aradu.A01g01621,arharahy.Tifrunner.gnm1.Arahy.01g01599	LOC107643026,arharahy.Tifrunner.gnm1.Arahy.15g01066			
OG0001312_158	CHL_0018972,DUN_0014541,MAR_0016653,CER_0001776,GIN_0020606,AMB_0010830,NYM_0021735,ASP_0025316,ORY_0020545,BRA_0007334,CIN_0009746,LIR_0019471,CEC_0025182,GLY_0030350,PHA_0030083,LOC107617270,ardaradu.V14167.gnm1.Aradu.A01g00300,arharahy.Tifrunner.gnm1.Arahy.11g00635,MED_0013099,CUC_0001835,PRU_0018486,POP_0027544,ARA_0008112,VIT_0023497,ACT_0007913,COF_0014452,SOL_0000188,MIM_0031354,HEL_0000889,AQU_0028090							
OG0001317_157	CHL_0007473,DUN_0011046,CER_0015426,ACT_0033263,COF_0017072,SOL_0015018,MIM_0030811,HEL_0012986,VIT_0000707,ARA_0024175,POP_0050637,GLY_0068253,PHA_0028874,MED_0032883,ardaradu.V14167.gnm1.Aradu.A06g02768,arharahy.Tifrunner.gnm1.Arahy.06g02631,CEC_0010351,PRU_0036410,CUC_0011261,AQU_0032601,LIR_0014993,ASP_0017599,BRA_0030439,ORY_0008186,NYM_0037243,AMB_0018447,GIN_0002249	LOC107605039,arharahy.Tifrunner.gnm1.Arahy.16g02960	ACT_0023226,AQU_0002535					
OG0001318_157	DUN_0007373,CHL_0013883,MAR_0000894,CER_0018174,GIN_0002499,AMB_0006954,NYM_0022781,ACT_0037725,MIM_0030196,COF_0008831,SOL_0017045,HEL_0025258,ARA_0006546,POP_0040729,CEC_0004986,MED_0036820,GLY_0010519,PHA_0031482,LOC107646482,arharahy.Tifrunner.gnm1.Arahy.16g01122,CUC_0011014,PRU_0013280,VIT_0001160,LIR_0007098	ASP_0018836,BRA_0038789,ORY_0034253,SOL_0016580,CIN_0008050	BRA_0036938,ORY_0016359	ardaradu.V14167.gnm1.Aradu.A08g02809,arharahy.Tifrunner.gnm1.Arahy.08g02935				
OG0001319_157	CHL_0008411,DUN_0006980,CER_0022028,ACT_0033173,COF_0002148,MIM_0007884,SOL_0028037,HEL_0000151,ARA_0004989,POP_0015151,CEC_0005348,GLY_0039557,PHA_0032301,MED_0036518,LOC107646072,arharahy.Tifrunner.gnm1.Arahy.16g00821,CUC_0006685,PRU_0006636,VIT_0022374,AQU_0002332,CIN_0002763,ASP_0009942,ORY_0017131,BRA_0008608,LIR_0001237,NYM_0023379,AMB_0008875,GIN_0000647,MAR_0018965	ardaradu.V14167.gnm1.Aradu.A06g00681,arharahy.Tifrunner.gnm1.Arahy.06g00726						
OG0002437_101	CHL_0004281,DUN_0018648,MAR_0007853,GIN_0012549,ASP_0020125,BRA_0053216,ORY_0023141,CIN_0026507,LIR_0043593,AMB_0001576,NYM_0001826,AQU_0022778,COF_0003393,SOL_0004034,HEL_0002313,MIM_0009381,ARA_0017269,CUC_0008956,POP_0039747,CEC_0012280,PHA_0005413,GLY_0014503,MED_0022600,LOC107645984,arharahy.Tifrunner.gnm1.scaffold_301g00001,PRU_0027473,VIT_0025868,ACT_0000846,CER_0038727	LOC107630415,arharahy.Tifrunner.gnm1.Arahy.13g02555						
OG0002440_101	CHL_0016309,DUN_0013113,MAR_0008011,CER_0006730,ACT_0019852,VIT_0012480,COF_0005056,MIM_0010803,SOL_0026823,HEL_0026044,AMB_0001723,GIN_0021789,NYM_0035871,ASP_0011363,CIN_0018278,LIR_0005280,AQU_0020299,CEC_0015350,GLY_0025056,PHA_0033518,LOC107625833,ardaradu.V14167.gnm1.Aradu.A02g02413,MED_0035359,CUC_0020237,PRU_0042371,POP_0000518							
OG0002442_101	CHL_0002558,DUN_0010451,CER_0034157,MAR_0019534,GIN_0000355,AMB_0018250,NYM_0018812,ARA_0026256,PRU_0022317,CEC_0012869,PHA_0007781,GLY_0013542,MED_0015697,ardaradu.V14167.gnm1.Aradu.A08g02729,arharahy.Tifrunner.gnm1.Arahy.08g02847,CUC_0012990,POP_0022092,VIT_0015797,COF_0011800,MIM_0006604,SOL_0032080,HEL_0007072,ACT_0022323	PHA_0034042,GLY_0016998,LOC107630888,ardaradu.V14167.gnm1.Aradu.A03g03193						
OG0002447_101	DUN_0001626,CHL_0000624,GIN_0019604,AMB_0015107,CIN_0005794,LIR_0011804,AQU_0008477,VIT_0022586,HEL_0040636,ACT_0034279,SOL_0013452,COF_0018212,MIM_0015889,POP_0004399,ARA_0003124,CEC_0016350,GLY_0033314,PHA_0004487,MED_0040237,LOC107619869,arharahy.Tifrunner.gnm1.Arahy.20g00075,PRU_0026458,CUC_0002144,ASP_0012506,NYM_0032003,CER_0000321,MAR_0015099	ardaradu.V14167.gnm1.Aradu.A05g00300,arharahy.Tifrunner.gnm1.Arahy.05g00333						
OG0002449_101	CHL_0017017,DUN_0005628,GIN_0024170,BRA_0007136,ORY_0018618,ASP_0009891,CIN_0013645,LIR_0045168,AQU_0005144,ARA_0023677,POP_0050461,CEC_0006759,GLY_0068514,PHA_0028889,MED_0034936,LOC107604938,arharahy.Tifrunner.gnm1.Arahy.16g02670,CUC_0026191,PRU_0022238,VIT_0001665,COF_0016768,SOL_0029496,MIM_0005805,HEL_0012768,ACT_0005456,NYM_0007904,AMB_0003122,CER_0022021,MAR_0020973	ardaradu.V14167.gnm1.Aradu.A01g03389,arharahy.Tifrunner.gnm1.Arahy.01g03314						
OG0002450_101	CHL_0000333,DUN_0014528,AMB_0017757,CIN_0024323,ASP_0018352,LIR_0015782,VIT_0005401,ARA_0010831,POP_0036395,PRU_0037973,COF_0005469,SOL_0004174,HEL_0025290,MIM_0017719,ACT_0005828,AQU_0033809,NYM_0013612,MAR_0013042,CER_0046116,GIN_0027573	ACT_0011023,HEL_0019596,COF_0014454,MIM_0030287,SOL_0002104,VIT_0022747,ARA_0026820,CEC_0025180,LOC107616938,arharahy.Tifrunner.gnm1.Arahy.11g00632,ardaradu.V14167.gnm1.Aradu.A01g00301,GLY_0064419,PHA_0030145,MED_0013101,CUC_0003589,PRU_0021426,AQU_0027489						
OG0002451_101	CHL_0013755,DUN_0017993,CER_0058677,AMB_0019708,ASP_0006173,BRA_0016494,ORY_0010526,COF_0002769,MIM_0005640,SOL_0009982,HEL_0012433,ACT_0006286,VIT_0011338,ARA_0010321,POP_0017050,CEC_0023542,PHA_0007011,GLY_0011497,MED_0016073,LOC107606367,arharahy.Tifrunner.gnm1.Arahy.17g03583,PRU_0045157,CUC_0027070,CIN_0010745,LIR_0020569,MAR_0004916	ardaradu.V14167.gnm1.Aradu.A08g01080,arharahy.Tifrunner.gnm1.Arahy.08g01089						
OG0002462_100	CHL_0008747,DUN_0008687,MAR_0016148,CER_0048947,GIN_0024165,ASP_0004232,ORY_0028458,BRA_0013150,AMB_0013246,NYM_0035723,CIN_0025675,LIR_0005841,AQU_0002815,ARA_0002603,CUC_0016097,CEC_0030008,PHA_0009089,GLY_0031558,LOC107639121,arharahy.Tifrunner.gnm1.Arahy.14g01374,MED_0007984,POP_0014580,VIT_0012817,PRU_0034643	ardaradu.V14167.gnm1.Aradu.A03g04589,arharahy.Tifrunner.gnm1.Arahy.03g04628						
OG0002464_100	CHL_0002140,DUN_0002809,ASP_0005080,BRA_0024598,ORY_0026156,CIN_0011235,LIR_0036993,AMB_0005828,MAR_0006514,CER_0074554,GIN_0000165,NYM_0025029,AQU_0019898,ACT_0015230,CUC_0011714,COF_0018958,PRU_0027911,MED_0003886,PHA_0006236,GLY_0046820,ardaradu.V14167.gnm1.Aradu.A05g01846,arharahy.Tifrunner.gnm1.Arahy.04g01653,VIT_0025918,POP_0043127,MIM_0020799,HEL_0023917,SOL_0003442	LOC107647862,arharahy.Tifrunner.gnm1.Arahy.01g02137	LOC107643561,arharahy.Tifrunner.gnm1.Arahy.11g03452					
OG0002466_100	CHL_0016270,DUN_0000716,MAR_0023080,CER_0017552,GIN_0001131,NYM_0019285,AQU_0040638,BRA_0013152,ORY_0029485,ASP_0017601,CIN_0011341,LIR_0027436,CEC_0023747,GLY_0066146,PHA_0017701,LOC107641168,arharahy.Tifrunner.gnm1.Arahy.15g03009,MED_0034346,CUC_0013090,PRU_0027374,POP_0013548,ARA_0012893,MIM_0005489,SOL_0020294,COF_0013109,VIT_0005632,HEL_0009398,ACT_0010236,AMB_0010071	LOC107637012,arharahy.Tifrunner.gnm1.Arahy.14g02654,ardaradu.V14167.gnm1.Aradu.A04g02653						
OG0002470_100	DUN_0007319,CHL_0018532,CER_0066644,ASP_0005120,BRA_0007164,ORY_0005964,VIT_0023676,CEC_0025283,PHA_0015960,GLY_0007110,MED_0032777,LOC107609748,arharahy.Tifrunner.gnm1.Arahy.17g00404,CUC_0012574,PRU_0045529,MIM_0029685	BRA_0012410,ORY_0016791	ardaradu.V14167.gnm1.Aradu.A07g00271,arharahy.Tifrunner.gnm1.Arahy.07g00255	POP_0030219,PRU_0020945				
OG0002471_100	MAR_0004664,COF_0004115,SOL_0026517,MIM_0001887,HEL_0033280,ACT_0013401,VIT_0003999,ARA_0017126,POP_0037533,CEC_0013494,PHA_0001188,GLY_0007630,MED_0038605,arharahy.Tifrunner.gnm1.Arahy.02g02555,ardaradu.V14167.gnm1.Aradu.A02g02676,CUC_0023404,PRU_0040338,ORY_0001266,BRA_0052009,NYM_0033425,ASP_0010975,LIR_0030062,CIN_0005218,AQU_0040823,AMB_0015185,GIN_0007647,CER_0030787,CHL_0006169,DUN_0004086	ardaradu.V14167.gnm1.Aradu.A08g00743,arharahy.Tifrunner.gnm1.Arahy.08g00754						
OG0002485_100	CHL_0004039,DUN_0003472,MAR_0019285,GIN_0000285,NYM_0021787,ACT_0040420,COF_0013031,MIM_0007438,VIT_0000568,HEL_0016085,ARA_0006947,POP_0014360,CEC_0025845,MED_0023430,PHA_0017215,GLY_0006676,ardaradu.V14167.gnm1.Aradu.A07g00736,LOC107648300,arharahy.Tifrunner.gnm1.Arahy.16g02218,SOL_0021715,ASP_0010561,BRA_0049463,CIN_0015130,ORY_0016543,CUC_0003223,PRU_0033753,CER_0054090	LOC107619086,arharahy.Tifrunner.gnm1.Arahy.19g03781,ardaradu.V14167.gnm1.Aradu.A09g03050	ardaradu.V14167.gnm1.Aradu.A07g00738,arharahy.Tifrunner.gnm1.Arahy.07g00716					
OG0002498_99	CHL_0005276,DUN_0008176,AMB_0016014,CER_0071462,MAR_0010109,GIN_0023528,NYM_0023786,CUC_0020372,ARA_0003504,CEC_0030853,GLY_0066140,PHA_0019006,MED_0034335,LOC107639785,arharahy.Tifrunner.gnm1.Arahy.14g02642,POP_0017626,PRU_0002156,VIT_0011608,COF_0009246,SOL_0024684,MIM_0012895,HEL_0010907,ACT_0010095,AQU_0019931,CIN_0000808,LIR_0005235,ASP_0009171,ORY_0022857,BRA_0053801	MED_0038631,GLY_0007656,PHA_0001457,LOC107627844,arharahy.Tifrunner.gnm1.Arahy.12g02817	ardaradu.V14167.gnm1.Aradu.A04g02646,arharahy.Tifrunner.gnm1.Arahy.04g02424					
OG0002506_99	CHL_0007019,DUN_0017410,MAR_0022927,CER_0064408,GIN_0010639,AMB_0018330,ORY_0002257,BRA_0051828,ASP_0020954,CIN_0023363,LIR_0013275,ARA_0004172,CUC_0005568,CEC_0026411,PHA_0023074,GLY_0049947,LOC107623428,ardaradu.V14167.gnm1.Aradu.A10g01257,arharahy.Tifrunner.gnm1.Arahy.10g01162,MED_0005749,PRU_0014451,POP_0023455,VIT_0024524,SOL_0013296,COF_0000520,HEL_0044586,MIM_0008736,ACT_0016169,AQU_0036030,NYM_0043145							
OG0002508_99	DUN_0011122,CHL_0000094,MAR_0020180,CER_0036233,AMB_0007035,ASP_0004636,BRA_0018736,ORY_0026418,CIN_0000633,LIR_0008462,ARA_0007117,POP_0028272,CEC_0009530,PHA_0027341,GLY_0063484,MED_0032077,LOC107638237,arharahy.Tifrunner.gnm1.Arahy.14g00288,VIT_0031321,PRU_0038853,CUC_0019559,COF_0024837,SOL_0029877,MIM_0002519,HEL_0042537,ACT_0003237,AQU_0004547,NYM_0042042	BRA_0016872,ORY_0025389						
OG0002511_99	MAR_0000479,GIN_0003963,CER_0071934,AMB_0021233,ORY_0014433,BRA_0036992,AQU_0020848,ARA_0007158,POP_0011447,CEC_0017311,GLY_0017238,PHA_0007848,MED_0041933,LOC107630732,arharahy.Tifrunner.gnm1.Arahy.13g03139,CUC_0003194,PRU_0023855,COF_0020722,HEL_0022516,MIM_0006639,SOL_0020845,ACT_0004296,VIT_0014575,CIN_0009183,LIR_0016005,NYM_0029529,CHL_0009078,DUN_0013552	ardaradu.V14167.gnm1.Aradu.A03g02926,arharahy.Tifrunner.gnm1.Arahy.03g02906						
OG0002519_99	CHL_0017795,DUN_0014810,ACT_0036932,VIT_0002724,COF_0015239,SOL_0009454,MIM_0030907,AQU_0001128,ARA_0018153,HEL_0021996,CEC_0006200,MED_0036213,PHA_0026555,GLY_0069708,LOC107604654,arharahy.Tifrunner.gnm1.Arahy.16g02190,CUC_0005152,PRU_0028568,POP_0008145,ASP_0019250,LIR_0019004,AMB_0000776,CIN_0027743,ORY_0012844,BRA_0033387,NYM_0009136,MAR_0001185,CER_0052048,GIN_0013555	ardaradu.V14167.gnm1.Aradu.A06g02038,arharahy.Tifrunner.gnm1.Arahy.06g01999	COF_0025460,HEL_0043805					
OG0002521_99	CHL_0005438,DUN_0014283,MAR_0020996,AMB_0015432,LIR_0032045,CIN_0005520,ASP_0009479,ORY_0021633,BRA_0048676,ARA_0013981,POP_0039478,CEC_0007531,MED_0030952,LOC107644704,arharahy.Tifrunner.gnm1.Arahy.15g03720,PHA_0019976,GLY_0059765,CUC_0009815,PRU_0025670,VIT_0006980,ACT_0013269,COF_0012598,MIM_0009530,SOL_0023618,HEL_0042270,AQU_0042671,NYM_0013289,GIN_0015426,CER_0039182	ardaradu.V14167.gnm1.Aradu.A09g02029,arharahy.Tifrunner.gnm1.Arahy.09g01885	LOC110272166,arharahy.Tifrunner.gnm1.Arahy.15g03726					
OG0002522_99	CHL_0002757,DUN_0013922,CER_0031825,ASP_0010162,ORY_0018321,BRA_0010491,AQU_0019011,COF_0015836,HEL_0015607,SOL_0003954,ARA_0003272,CEC_0011712,GLY_0055826,PHA_0009154,LOC107630471,arharahy.Tifrunner.gnm1.Arahy.13g02635,MED_0008263,CUC_0011726,PRU_0028660,POP_0006337,ACT_0023149,MIM_0014521,LIR_0037737	ardaradu.V14167.gnm1.Aradu.A03g02338,arharahy.Tifrunner.gnm1.Arahy.03g02450	PHA_0004816,GLY_0027858					
OG0002523_99	CHL_0013219,DUN_0011506,ACT_0034654,COF_0003959,SOL_0010718,MIM_0001997,HEL_0006470,AMB_0016251,ASP_0010055,BRA_0045179,ORY_0000675,CER_0009461,MAR_0012278,GIN_0009666,NYM_0011719,CIN_0004558,AQU_0041710,LIR_0030645,ARA_0019361,POP_0001188,CUC_0025237,PRU_0040217,VIT_0020031,CEC_0013191	LOC107622946,ardaradu.V14167.gnm1.Aradu.A10g03481,MED_0001722,PHA_0005948,HEL_0004846,GLY_0070626						
OG0002524_99	CHL_0012860,DUN_0015149,AMB_0000787,ASP_0026818,ORY_0009959,BRA_0006451,CIN_0022713,LIR_0031628,GIN_0006779,ARA_0021308,CEC_0007552,GLY_0073428,PHA_0022524,MED_0003717,LOC107617920,arharahy.Tifrunner.gnm1.Arahy.19g02214,CUC_0017829,POP_0038721,PRU_0018116,VIT_0021650,SOL_0003675,COF_0018987,MIM_0030264,HEL_0029549,ACT_0023958,AQU_0030927,NYM_0009387,CER_0051316							
OG0002527_99	CHL_0005595,DUN_0010077,MAR_0015893,GIN_0013075,CIN_0016117,LIR_0025383,ASP_0002583,BRA_0051864,ORY_0002478,AQU_0040031,CEC_0007098,PHA_0016053,GLY_0006525,MED_0028888,LOC107644009,arharahy.Tifrunner.gnm1.Arahy.15g02658,CUC_0026031,PRU_0033039,ARA_0026958,HEL_0020234,VIT_0000618,NYM_0039004,CER_0023169	AMB_0010365,CEC_0005174	ardaradu.V14167.gnm1.Aradu.A05g03187,arharahy.Tifrunner.gnm1.Arahy.05g03065					
OG0002528_99	CHL_0002250,DUN_0008972,ACT_0038551,HEL_0009176,LIR_0034292,CIN_0023796,GIN_0019002,VIT_0020678,COF_0021767,SOL_0014700,AMB_0006412,AQU_0015112,CEC_0028905,PHA_0015448,GLY_0048039,LOC107644918,arharahy.Tifrunner.gnm1.Arahy.15g03994,MED_0038834,CUC_0002615,POP_0003166	ARA_0009540,arharahy.Tifrunner.gnm1.Arahy.04g02305,PRU_0017765						
OG0004376_65	CHL_0018660,DUN_0015092,MAR_0006504,CER_0042437,GIN_0016369,NYM_0016943,AMB_0012096,ASP_0020916,ORY_0018644,BRA_0046964,CIN_0018833,LIR_0042486,ACT_0015394,HEL_0009381,COF_0012125,MIM_0025764,SOL_0018115,ARA_0021430,POP_0013393,CEC_0021380,PHA_0021678,GLY_0000100,MED_0000846,LOC107630358,arharahy.Tifrunner.gnm1.Arahy.13g02462,ardaradu.V14167.gnm1.Aradu.A03g02083,CUC_0027830,PRU_0004821,VIT_0018749,AQU_0014155							
OG0004390_65	CHL_0002015,DUN_0009938,MAR_0017469,ARA_0008488,GIN_0008191,PRU_0032875,AMB_0019920,NYM_0006395,ASP_0001954,BRA_0032452,ORY_0012718,CIN_0021237,LIR_0035664,AQU_0006807,VIT_0013065,HEL_0043016,COF_0016670,SOL_0015777,ACT_0036472,MIM_0008842,GLY_0043801,PHA_0000662,MED_0020387,LOC107613184,arharahy.Tifrunner.gnm1.Arahy.18g02565,CEC_0025941,CUC_0025927,POP_0004028,CER_0028188	LOC107625101,arharahy.Tifrunner.gnm1.Arahy.12g01273						
OG0004411_65	CHL_0001160,DUN_0000077,CER_0025039,GIN_0022881,AMB_0012146,NYM_0036896,ASP_0024212,BRA_0016056,ORY_0028748,CIN_0020194,LIR_0021031,POP_0006674,ARA_0006286,CEC_0024139,GLY_0044819,ardaradu.V14167.gnm1.Adur2035g00001,arharahy.Tifrunner.gnm1.Arahy.05g01107,CUC_0002702,PRU_0039879,VIT_0010260,COF_0003795,MIM_0006807,SOL_0010362,HEL_0003836,ACT_0004603,AQU_0003869,MAR_0004935	LOC107617783,arharahy.Tifrunner.gnm1.Arahy.19g01128						
OG0004434_65	CHL_0018315,DUN_0008915,AMB_0016167,NYM_0032985,CER_0026622,MAR_0012594,GIN_0018790,ASP_0003658,ORY_0024759,BRA_0046191,CIN_0013614,LIR_0005660,AQU_0017577,ARA_0011529,POP_0024611,CUC_0001785,PRU_0023077,CEC_0017171,PHA_0003734,GLY_0014967,MED_0022048,ardaradu.V14167.gnm1.Aradu.A01g02308,arharahy.Tifrunner.gnm1.Arahy.01g02175,VIT_0014772,COF_0020560,SOL_0019544,MIM_0000269,HEL_0033570,ACT_0028813	ardaradu.V14167.gnm1.Aradu.A05g00978,arharahy.Tifrunner.gnm1.Arahy.05g00973	LOC107618163,arharahy.Tifrunner.gnm1.Arahy.11g01620					
OG0004443_65	CHL_0010313,DUN_0006872,CER_0007913,GIN_0006481,CIN_0010409,LIR_0042225,AQU_0021294,ARA_0018276,POP_0031013,PRU_0036057,CEC_0031458,PHA_0000180,GLY_0022388,MED_0017554,LOC107618487,ardaradu.V14167.gnm1.Aradu.A09g00296,arharahy.Tifrunner.gnm1.Arahy.09g00300,CUC_0004393,VIT_0028758,COF_0011531,MIM_0010147,SOL_0029669,HEL_0004145,ACT_0023566,ASP_0022700,ORY_0016546,BRA_0042200,AMB_0009677,NYM_0008567,MAR_0020958							
OG0004444_65	CHL_0012708,DUN_0005506,BRA_0056529,ORY_0021811,ASP_0008622,CIN_0014476,LIR_0010762,AMB_0013444,MAR_0022608,CER_0035784,GIN_0006384,VIT_0031308,NYM_0009181,COF_0009619,ARA_0009293,CEC_0011599,GLY_0039024,PHA_0000019,LOC107622481,arharahy.Tifrunner.gnm1.Arahy.20g02247,MED_0027663,CUC_0026844,PRU_0040814,POP_0043505,MIM_0006295,SOL_0003284,HEL_0013499,ACT_0024475,AQU_0025742	ardaradu.V14167.gnm1.Aradu.A10g02025,arharahy.Tifrunner.gnm1.Arahy.10g01872						
OG0004445_65	CHL_0003051,DUN_0011273,MAR_0009067,GIN_0019257,BRA_0025647,ORY_0020946,ASP_0014001,AMB_0007673,NYM_0010618,CIN_0016040,LIR_0041226,CUC_0006983,PRU_0009704,ARA_0022727,CEC_0021393,GLY_0028062,PHA_0012470,MED_0038868,LOC107625159,arharahy.Tifrunner.gnm1.Arahy.12g01374,POP_0027129,VIT_0029714,COF_0018158,SOL_0013769,MIM_0031019,HEL_0027435,ACT_0026516,AQU_0010441,CER_0058267	ardaradu.V14167.gnm1.Aradu.A10g03261,arharahy.Tifrunner.gnm1.Arahy.10g03061						
OG0004446_65	CHL_0012957,DUN_0010622,CER_0026143,MAR_0013920,GIN_0024937,AMB_0013634,ASP_0017911,ORY_0000631,BRA_0049891,CIN_0015577,LIR_0011178,AQU_0027406,ARA_0015646,CUC_0012635,PRU_0015545,CEC_0026074,MED_0027262,GLY_0006299,PHA_0018884,LOC107609531,arharahy.Tifrunner.gnm1.Arahy.17g01530,POP_0008953,VIT_0024469,ACT_0031594,COF_0001482,HEL_0030369,MIM_0006891,SOL_0021746,NYM_0043157							
OG0004449_65	CHL_0013949,DUN_0002272,MAR_0023507,CER_0037596,GIN_0013878,AMB_0013482,LIR_0028847,CIN_0019516,BRA_0023514,ORY_0033657,ASP_0001288,VIT_0028979,ARA_0009102,POP_0007268,PRU_0032413,CEC_0031556,GLY_0012620,PHA_0010760,MED_0002366,LOC107614162,arharahy.Tifrunner.gnm1.Arahy.18g01412,CUC_0007826,ACT_0035041,SOL_0008769,COF_0011646,MIM_0009825,HEL_0042202,AQU_0022360,NYM_0001751							
OG0004452_65	CHL_0001508,DUN_0003644,CER_0018874,MAR_0011217,GIN_0007898,NYM_0008053,AMB_0019102,ASP_0019879,ORY_0030319,BRA_0014571,CIN_0021266,LIR_0008857,ARA_0022313,CUC_0001791,PRU_0024346,POP_0025344,CEC_0013287,PHA_0001170,GLY_0022738,LOC107618535,arharahy.Tifrunner.gnm1.Arahy.19g00780,ACT_0038741,COF_0019689,MIM_0020365,SOL_0019968,HEL_0038259,AQU_0006820,VIT_0016389	ardaradu.V14167.gnm1.Aradu.A09g00656,arharahy.Tifrunner.gnm1.Arahy.09g00668						
OG0004471_64	CHL_0018967,DUN_0006248,MAR_0005658,CER_0035140,GIN_0019547,AMB_0020089,NYM_0001317,CIN_0023940,LIR_0007024,ASP_0002498,BRA_0036364,ORY_0016828,ARA_0009179,POP_0004546,CEC_0007651,GLY_0037862,PHA_0023488,LOC107622703,arharahy.Tifrunner.gnm1.Arahy.20g03340,PRU_0005569,CUC_0014163,VIT_0007076,COF_0015001,SOL_0007422,MIM_0021798,HEL_0028268,ACT_0002522,AQU_0004567							
OG0004472_64	MAR_0019387,GIN_0014737,AMB_0020030,NYM_0008975,ORY_0027831,BRA_0053932,ASP_0011936,CIN_0023866,LIR_0034608,ARA_0015659,CUC_0023798,CEC_0022271,PHA_0013811,GLY_0043858,MED_0020461,LOC107629802,arharahy.Tifrunner.gnm1.Arahy.13g01885,POP_0011622,PRU_0032302,SOL_0017488,COF_0013756,MIM_0029036,HEL_0006195,ACT_0022785,VIT_0006824,AQU_0025121,CER_0029514,CHL_0003403,DUN_0010268	ardaradu.V14167.gnm1.Aradu.A03g01485,arharahy.Tifrunner.gnm1.Arahy.03g01655						
OG0004474_64	ORY_0020943,BRA_0015492,ASP_0012042,AMB_0002675,MAR_0007976,CER_0064362,GIN_0025370,NYM_0035519,CIN_0022660,LIR_0028876,ARA_0000488,PRU_0025010,POP_0032893,CUC_0000870,CEC_0016303,PHA_0005627,GLY_0058104,MED_0040196,LOC107623358,arharahy.Tifrunner.gnm1.Arahy.20g00041,VIT_0014401,ACT_0010006,SOL_0020208,MIM_0018876,COF_0012393,HEL_0032672,AQU_0034843,CHL_0003149,DUN_0012122	ardaradu.V14167.gnm1.Aradu.A01g00731,arharahy.Tifrunner.gnm1.Arahy.01g01050						
OG0004478_64	CHL_0005284,DUN_0013445,MAR_0000861,GIN_0001202,AMB_0019938,NYM_0004980,CIN_0010443,LIR_0036788,AQU_0013779,ASP_0017530,BRA_0021224,ORY_0030945,ARA_0023294,POP_0005631,CEC_0006613,PHA_0028329,GLY_0008886,MED_0035157,LOC107622226,arharahy.Tifrunner.gnm1.Arahy.10g03133,ardaradu.V14167.gnm1.Aradu.A10g03321,CUC_0025759,PRU_0029905,VIT_0003000,HEL_0041859,SOL_0032957,MIM_0009566,COF_0008621,ACT_0005318,CER_0009953	LOC107623999,arharahy.Tifrunner.gnm1.Arahy.20g03578						
OG0004480_64	DUN_0012390,CHL_0009190,MAR_0005307,GIN_0018542,AMB_0004381,ASP_0015953,CIN_0023544,LIR_0008574,ARA_0016404,CEC_0007920,PHA_0024906,GLY_0037434,MED_0004768,LOC107618970,arharahy.Tifrunner.gnm1.Arahy.19g02982,POP_0037144,PRU_0000216,CUC_0023695,BRA_0053956,ORY_0024712,VIT_0019861,COF_0006717,SOL_0012493,MIM_0008702,ACT_0000917,AQU_0024977,NYM_0010283,CER_0047680	HEL_0027030,SOL_0011087						
OG0004485_64	GIN_0024552,AMB_0008256,NYM_0026925,ASP_0025294,ORY_0009496,BRA_0006082,ARA_0012277,POP_0019211,CEC_0022201,PHA_0011556,GLY_0045072,MED_0009690,arharahy.Tifrunner.gnm1.Arahy.18g01127,LOC107614469,CUC_0004256,PRU_0021237,VIT_0023269,COF_0014300,MIM_0029619,SOL_0000636,HEL_0021226,ACT_0037940,AQU_0034566,CIN_0016620,LIR_0041661,MAR_0000613,CER_0041040,DUN_0002211,CHL_0011131	ardaradu.V14167.gnm1.Aradu.A03g01582,arharahy.Tifrunner.gnm1.Arahy.03g01740						
OG0004491_64	MAR_0008071,CER_0024980,GIN_0002817,AMB_0016626,NYM_0035685,ASP_0012939,BRA_0038596,ORY_0012437,CIN_0015138,LIR_0004540,HEL_0006938,ARA_0001711,CEC_0030805,GLY_0007761,PHA_0000009,MED_0018087,LOC107625933,arharahy.Tifrunner.gnm1.Arahy.12g02707,CUC_0020331,PRU_0004934,POP_0002302,VIT_0012007,ACT_0001003,COF_0008013,SOL_0004817,MIM_0026493,AQU_0017195,DUN_0008762	ardaradu.V14167.gnm1.Aradu.A02g02538,arharahy.Tifrunner.gnm1.Arahy.02g02421						
OG0004492_64	CHL_0014288,DUN_0013776,GIN_0020486,AMB_0016339,NYM_0016113,ASP_0021892,BRA_0004656,ORY_0035739,CIN_0023295,LIR_0013301,ARA_0002885,POP_0017776,CEC_0023159,GLY_0053475,PHA_0025668,MED_0026941,LOC107605659,arharahy.Tifrunner.gnm1.Arahy.06g03291,ardaradu.V14167.gnm1.Aradu.A06g03564,CUC_0021204,PRU_0041113,VIT_0010118,ACT_0001182,COF_0002261,SOL_0011729,MIM_0005316,HEL_0040739,AQU_0032971,CER_0058588,MAR_0016854							
OG0004493_64	CHL_0013363,DUN_0001292,GIN_0014089,MAR_0004075,CER_0053308,BRA_0006010,ORY_0008648,ASP_0005918,CIN_0019562,LIR_0044619,VIT_0023234,ARA_0021875,CEC_0022193,PHA_0013163,GLY_0021343,LOC107630142,arharahy.Tifrunner.gnm1.Arahy.13g01975,MED_0038205,PRU_0020176,POP_0029323,CUC_0020967,COF_0014291,HEL_0043839,ACT_0001665,MIM_0028736,SOL_0016552,AQU_0013248,NYM_0008710,AMB_0008727	ardaradu.V14167.gnm1.Aradu.A08g01929,arharahy.Tifrunner.gnm1.Arahy.08g01945						
OG0004494_64	CHL_0001567,DUN_0004488,MAR_0005079,CER_0073193,AMB_0016122,NYM_0032898,CIN_0014728,LIR_0012393,ASP_0023402,AQU_0001468,ARA_0026251,POP_0040478,PRU_0046947,CEC_0023231,GLY_0011188,PHA_0007066,MED_0016836,ardaradu.V14167.gnm1.Aradu.A08g00180,LOC107609879,arharahy.Tifrunner.gnm1.Arahy.17g02497,HEL_0036378,CUC_0029877,VIT_0009629,ACT_0015718,COF_0009319,SOL_0009913,MIM_0004324	ardaradu.V14167.gnm1.Aradu.A05g02987,arharahy.Tifrunner.gnm1.Arahy.05g02839						
OG0004495_64	CHL_0008542,DUN_0013482,MAR_0009066,GIN_0015751,AMB_0005816,ASP_0018181,BRA_0015900,ORY_0008943,CIN_0021371,LIR_0015828,AQU_0036070,ARA_0012106,POP_0013362,GLY_0023097,PHA_0002585,MED_0036312,LOC107625103,arharahy.Tifrunner.gnm1.Arahy.04g01519,CEC_0014918,PRU_0039106,CUC_0029784,VIT_0015051,COF_0013423,SOL_0018984,MIM_0010933,HEL_0016918,ACT_0001767,NYM_0023089,CER_0068056							
OG0004506_64	MAR_0011900,GIN_0017793,AMB_0002743,NYM_0002524,CIN_0011912,LIR_0013297,ARA_0017113,POP_0006563,CEC_0006429,GLY_0035863,PHA_0024550,MED_0020873,LOC107625463,arharahy.Tifrunner.gnm1.Arahy.12g01931,ardaradu.V14167.gnm1.Aradu.A06g03299,CUC_0025672,PRU_0027002,VIT_0002771,ACT_0005121,COF_0016282,SOL_0018230,MIM_0022023,HEL_0003411,AQU_0001170,ASP_0000979,ORY_0030108,BRA_0002833,CER_0036851,CHL_0018025,DUN_0009399	LOC107625401,arharahy.Tifrunner.gnm1.Arahy.11g00865						
OG0007933_40	CHL_0005781,DUN_0014083,MAR_0007003,GIN_0010342,AMB_0018451,ASP_0017724,BRA_0044657,ORY_0024397,CIN_0018289,LIR_0035352,AQU_0031123,ARA_0018936,POP_0024081,CEC_0030645,GLY_0008724,PHA_0001006,MED_0037281,LOC107618388,arharahy.Tifrunner.gnm1.Arahy.19g00811,CUC_0012709,PRU_0016693,VIT_0025033,ACT_0003845,COF_0000014,SOL_0027429,MIM_0003869,HEL_0021758,NYM_0040146,CER_0010457							
OG0007937_40	CHL_0002665,DUN_0001164,MAR_0014303,CER_0061077,GIN_0005934,AMB_0012411,CIN_0015242,LIR_0045792,ASP_0016634,BRA_0001144,ORY_0018808,AQU_0027654,ARA_0022118,CUC_0028197,PRU_0004774,CEC_0021273,PHA_0014873,GLY_0056287,MED_0039000,LOC107613437,arharahy.Tifrunner.gnm1.Arahy.18g02554,ardaradu.V14167.gnm1.Aradu.A08g02259,COF_0008818,SOL_0002903,MIM_0004980,VIT_0004540,ACT_0003325,HEL_0003955,POP_0044141,NYM_0014173							
OG0007968_40	CHL_0008173,DUN_0015384,MAR_0014051,CER_0074310,GIN_0010383,AMB_0001823,NYM_0014458,CIN_0018583,ASP_0022889,BRA_0034630,ORY_0009412,AQU_0010594,ARA_0006557,PRU_0007359,CUC_0008305,POP_0010369,CEC_0028820,PHA_0009436,GLY_0011010,MED_0017019,LOC107609158,arharahy.Tifrunner.gnm1.Arahy.17g02164,VIT_0008247,ACT_0003674,MIM_0027542,SOL_0027089,COF_0007328,HEL_0038327,LIR_0013732	ardaradu.V14167.gnm1.Aradu.A07g02018,arharahy.Tifrunner.gnm1.Arahy.07g01856						
OG0007983_40	CHL_0016361,DUN_0000375,BRA_0025731,ORY_0031975,NYM_0013314,ASP_0022607,LIR_0018035,CIN_0020252,ARA_0009119,POP_0044697,VIT_0004768,ACT_0039582,CUC_0022073,GIN_0001533,COF_0004902,SOL_0032446,HEL_0033677,MIM_0019877,CEC_0015537,GLY_0004502,PHA_0005203,ardaradu.V14167.gnm1.Aradu.A05g03403,LOC107643815,arharahy.Tifrunner.gnm1.Arahy.15g02337,MED_0026561,AQU_0038304	ACT_0007664,PRU_0040134						
OG0008026_40	CHL_0002245,DUN_0006270,CUC_0028765,ARA_0016098,CER_0056533,GIN_0005665,MAR_0021230,CEC_0005270,PHA_0028533,GLY_0010260,LOC107645657,arharahy.Tifrunner.gnm1.Arahy.16g00752,MED_0036576,POP_0002327,VIT_0021395,AMB_0007751,NYM_0024792,ASP_0018273,BRA_0036381,ORY_0015209,CIN_0008476,LIR_0008502,AQU_0000381,HEL_0036484,MIM_0006923,COF_0002180,ACT_0016563,SOL_0027103,PRU_0033075	LOC110263152,arharahy.Tifrunner.gnm1.Arahy.16g00896						
OG0008032_40	CHL_0005938,DUN_0002960,GIN_0005589,AMB_0013485,ASP_0009952,BRA_0033909,ORY_0015369,CIN_0015812,LIR_0009717,AQU_0024974,ARA_0026568,POP_0012121,CEC_0026033,GLY_0006315,PHA_0016571,MED_0027312,LOC107606900,arharahy.Tifrunner.gnm1.Arahy.17g01489,CUC_0012665,PRU_0012981,VIT_0024787,ACT_0017877,CER_0065217,MIM_0007220,COF_0001500,SOL_0007647,HEL_0003814,NYM_0024408	ardaradu.V14167.gnm1.Aradu.A07g01326,arharahy.Tifrunner.gnm1.Arahy.07g01291						
OG0008033_40	CHL_0011605,DUN_0005762,MAR_0007341,GIN_0022720,AMB_0020962,NYM_0004676,CIN_0010104,LIR_0038112,ASP_0016905,AQU_0037100,BRA_0040584,ORY_0016009,PRU_0036277,POP_0035276,VIT_0029769,CEC_0031233,GLY_0057264,PHA_0000652,MED_0038016,LOC107629047,arharahy.Tifrunner.gnm1.Arahy.13g00625,CUC_0006497,HEL_0015788,COF_0011327,MIM_0010765,SOL_0007106,ARA_0011871,ACT_0018128,CER_0067596							
OG0008047_40	CHL_0010851,DUN_0004523,MAR_0020891,CER_0057988,AMB_0002957,NYM_0006850,AQU_0028918,CIN_0017309,LIR_0039416,SOL_0018030,ARA_0020568,HEL_0007773,ASP_0004189,BRA_0020025,ORY_0037395,COF_0016920,MIM_0020137,PRU_0006585,CUC_0001047,VIT_0003927,CEC_0006746,PHA_0029036,GLY_0057671,LOC107604960,ardaradu.V14167.gnm1.Aradu.A06g02470,arharahy.Tifrunner.gnm1.Arahy.06g02361,MED_0034954,POP_0012134,ACT_0030344,GIN_0000153							
OG0008056_40	CHL_0012432,DUN_0004741,MAR_0023253,GIN_0005954,AMB_0001831,NYM_0009789,AQU_0007543,ASP_0002107,ORY_0027162,BRA_0019151,CIN_0021903,LIR_0010306,CEC_0023115,GLY_0063442,PHA_0028543,MED_0001085,LOC107645350,arharahy.Tifrunner.gnm1.Arahy.16g00003,CUC_0021273,POP_0043243,PRU_0022567,COF_0002212,HEL_0028989,MIM_0006161,ACT_0033889,CER_0047753	ardaradu.V14167.gnm1.Aradu.A06g01457,arharahy.Tifrunner.gnm1.Arahy.06g01559						
OG0008066_40	CHL_0011503,DUN_0007937,MAR_0018657,CER_0050852,GIN_0009154,AMB_0014981,AQU_0042041,ASP_0020570,NYM_0016079,ORY_0029163,BRA_0044563,CIN_0004991,LIR_0032315,ARA_0019294,CEC_0025038,PHA_0032093,GLY_0041529,LOC107631401,arharahy.Tifrunner.gnm1.Arahy.13g04015,MED_0013632,PRU_0033425,CUC_0000030,POP_0031753,ACT_0039820,COF_0018278,MIM_0017591,SOL_0015080,HEL_0004507,VIT_0018936							
OG0008111_39	CHL_0002780,DUN_0015416,MAR_0006917,AMB_0020925,NYM_0008736,LIR_0033707,CIN_0024523,ARA_0008967,CEC_0022257,GLY_0045023,PHA_0010363,LOC107613650,arharahy.Tifrunner.gnm1.Arahy.18g01054,MED_0010201,POP_0011220,CUC_0015550,PRU_0035514,VIT_0013060,ACT_0000601,ASP_0000543,BRA_0043738,ORY_0014090,HEL_0019157,MIM_0030968,COF_0013772,SOL_0018602,AQU_0023934,GIN_0021045,CER_0035148							
OG0008135_39	CHL_0006436,DUN_0012640,CER_0045535,MAR_0006759,GIN_0013109,AMB_0010479,CIN_0011275,AQU_0039819,HEL_0040680,SOL_0011539,COF_0005031,MIM_0000520,POP_0037130,ARA_0012346,CUC_0025312,MED_0026322,PRU_0043488,CEC_0015673,LOC107605073,arharahy.Tifrunner.gnm1.Arahy.16g03006,ASP_0025011,ACT_0005793,BRA_0001111,ORY_0017481,PHA_0005757,GLY_0000821,VIT_0030645,LIR_0022747,NYM_0022724							
OG0008154_39	CHL_0012675,DUN_0007179,MAR_0020572,GIN_0016169,AMB_0021601,BRA_0051787,ORY_0023574,ASP_0011049,NYM_0029562,CIN_0017069,LIR_0026627,AQU_0016905,ARA_0006871,CUC_0023906,CEC_0023921,PHA_0007713,GLY_0011877,MED_0016430,LOC107613516,arharahy.Tifrunner.gnm1.Arahy.18g02924,POP_0008012,PRU_0039008,VIT_0027966,ACT_0011634,COF_0018961,MIM_0002142,SOL_0021195,HEL_0039571,CER_0038783							
OG0008159_39	GIN_0015162,ASP_0002810,BRA_0054799,ORY_0021953,CIN_0016645,LIR_0025231,AMB_0010555,NYM_0037246,AQU_0023687,VIT_0022930,ARA_0020191,CUC_0025584,POP_0019315,CEC_0025124,PHA_0030805,GLY_0030467,LOC107613743,arharahy.Tifrunner.gnm1.Arahy.11g00558,ardaradu.V14167.gnm1.Aradu.A01g00353,MED_0013174,PRU_0013704,COF_0014511,SOL_0018542,MIM_0028951,HEL_0018267,ACT_0013496,MAR_0003611,CER_0024248,DUN_0012891							
OG0008161_39	CHL_0010822,DUN_0003789,MAR_0016205,CER_0007192,BRA_0041893,ORY_0033549,AMB_0011232,NYM_0021317,ASP_0012225,CIN_0027206,LIR_0022009,AQU_0041306,COF_0017402,MIM_0030771,SOL_0031426,HEL_0027327,ACT_0014283,ARA_0019190,GIN_0000905,POP_0032867,CEC_0008385,PHA_0020113,GLY_0046144,MED_0029166,LOC107623818,arharahy.Tifrunner.gnm1.Arahy.20g03021,PRU_0033656,CUC_0013127,VIT_0001561							
OG0008173_39	MAR_0010058,GIN_0015234,AMB_0011166,ASP_0000307,BRA_0025552,ORY_0027224,CIN_0002253,LIR_0025538,AQU_0036683,ARA_0020388,CUC_0002153,CEC_0028233,PHA_0032054,GLY_0031111,MED_0007454,LOC107638762,ardaradu.V14167.gnm1.Aradu.A04g00645,arharahy.Tifrunner.gnm1.Arahy.04g00678,PRU_0019271,POP_0007709,HEL_0018531,ACT_0019569,COF_0020882,MIM_0033434,SOL_0011048,VIT_0017658,NYM_0020610,CER_0005172,CHL_0002793,DUN_0006856							
OG0008177_39	CHL_0003446,DUN_0011521,CER_0044921,MAR_0021506,GIN_0024184,AMB_0006196,NYM_0021872,ASP_0015049,BRA_0044585,ORY_0002956,CIN_0022203,LIR_0012485,AQU_0028284,ARA_0015060,PRU_0039227,CUC_0001596,POP_0016780,CEC_0024275,PHA_0007805,GLY_0012310,MED_0014109,LOC107606123,arharahy.Tifrunner.gnm1.Arahy.17g03261,HEL_0003087,VIT_0009541,COF_0002784,MIM_0025273,SOL_0011677,ACT_0020395							
OG0008199_39	CHL_0010538,DUN_0012936,MAR_0002585,GIN_0011437,BRA_0054720,ORY_0024731,AMB_0008170,NYM_0027787,ASP_0000116,LIR_0006292,AQU_0008527,VIT_0013046,ARA_0025038,POP_0003173,CEC_0027721,PHA_0006741,GLY_0013640,LOC107612835,arharahy.Tifrunner.gnm1.Arahy.18g03150,ardaradu.V14167.gnm1.Aradu.A08g02638,CUC_0027437,PRU_0017593,COF_0011204,HEL_0015656,SOL_0028763,MIM_0022393,ACT_0027960,CIN_0003059,CER_0063379							
