tre_ID	tre_name	num_genes	synteny_supported_genes	best_block	best_block_gene_count	support_ratio	synteny_filter
OG0000622_254	OG0000622_254_T1_27	27	15	Alignment_9	2	0.1333	fail
OG0000622_254	OG0000622_254_T2_26	26	15	Alignment_9	2	0.1333	fail
OG0000622_254	OG0000622_254_T3_22	22	12	Alignment_9	2	0.1667	fail
OG0000622_254	OG0000622_254_T4_13	13	8	Alignment_9	2	0.2500	fail
OG0000622_254	OG0000622_254_T5_9	9	2	Alignment_5	2	1.0000	pass
OG0000622_254	OG0000622_254_T6_7	7	4	Alignment_5	2	0.5000	pass
OG0000622_254	OG0000622_254_T7_4	4	3	Alignment_3	2	0.6667	pass
OG0000622_254	OG0000622_254_T8_3	3	3	Alignment_3	2	0.6667	pass
OG0000622_254	OG0000622_254_T9_3	3	0		0	0.0000	fail
OG0000622_254	OG0000622_254_T10_2	2	0		0	0.0000	fail
OG0000622_254	OG0000622_254_T11_2	2	2	Alignment_7	2	1.0000	pass
OG0000622_254	OG0000622_254_T12_2	2	0		0	0.0000	fail
OG0000622_254	OG0000622_254_T13_2	2	2	Alignment_3	2	1.0000	pass
OG0000622_254	OG0000622_254_T14_2	2	2	Alignment_4	2	1.0000	pass
OG0000622_254	OG0000622_254_T15_2	2	2	Alignment_4	2	1.0000	pass
OG0000622_254	OG0000622_254_T16_2	2	0		0	0.0000	fail
OG0000622_254	OG0000622_254_T17_2	2	2	Alignment_1	2	1.0000	pass
OG0000622_254	OG0000622_254_T18_2	2	2	Alignment_1	2	1.0000	pass
OG0000622_254	OG0000622_254_T19_2	2	2	Alignment_9	2	1.0000	pass
OG0000622_254	OG0000622_254_T20_2	2	0		0	0.0000	fail
OG0000622_254	OG0000622_254_T21_2	2	2	Alignment_4	2	1.0000	pass
OG0000622_254	OG0000622_254_T22_2	2	2	Alignment_4	2	1.0000	pass
OG0000629_253	OG0000629_253_T1_27	27	8	Alignment_14	2	0.2500	fail
OG0000629_253	OG0000629_253_T2_14	14	7	Alignment_14	2	0.2857	fail
OG0000629_253	OG0000629_253_T3_10	10	4	Alignment_13	2	0.5000	pass
OG0000629_253	OG0000629_253_T4_8	8	2	Alignment_14	2	1.0000	pass
OG0000629_253	OG0000629_253_T5_6	6	5	Alignment_13	2	0.4000	fail
OG0000629_253	OG0000629_253_T6_5	5	4	Alignment_13	2	0.5000	pass
OG0000629_253	OG0000629_253_T7_4	4	2	Alignment_11	2	1.0000	pass
OG0000629_253	OG0000629_253_T8_3	3	2	Alignment_12	2	1.0000	pass
OG0000629_253	OG0000629_253_T9_2	2	2	Alignment_12	2	1.0000	pass
OG0000629_253	OG0000629_253_T10_2	2	2	Alignment_10	2	1.0000	pass
OG0000629_253	OG0000629_253_T11_2	2	0		0	0.0000	fail
OG0000629_253	OG0000629_253_T12_2	2	2	Alignment_10	2	1.0000	pass
OG0000629_253	OG0000629_253_T13_2	2	2	Alignment_10	2	1.0000	pass
OG0000629_253	OG0000629_253_T14_2	2	2	Alignment_10	2	1.0000	pass
OG0000629_253	OG0000629_253_T15_2	2	2	Alignment_11	2	1.0000	pass
OG0000629_253	OG0000629_253_T16_2	2	2	Alignment_10	2	1.0000	pass
OG0000629_253	OG0000629_253_T17_2	2	2	Alignment_11	2	1.0000	pass
OG0000629_253	OG0000629_253_T18_2	2	2	Alignment_10	2	1.0000	pass
OG0000629_253	OG0000629_253_T19_2	2	2	Alignment_13	2	1.0000	pass
OG0000629_253	OG0000629_253_T20_2	2	2	Alignment_13	2	1.0000	pass
OG0000629_253	OG0000629_253_T21_2	2	2	Alignment_12	2	1.0000	pass
OG0000629_253	OG0000629_253_T22_2	2	2	Alignment_12	2	1.0000	pass
OG0000629_253	OG0000629_253_T23_2	2	2	Alignment_12	2	1.0000	pass
OG0000629_253	OG0000629_253_T24_2	2	2	Alignment_12	2	1.0000	pass
OG0000629_253	OG0000629_253_T25_2	2	0		0	0.0000	fail
OG0000630_253	OG0000630_253_T1_25	25	10	Alignment_21	2	0.2000	fail
OG0000630_253	OG0000630_253_T2_22	22	12	Alignment_21	2	0.1667	fail
OG0000630_253	OG0000630_253_T3_20	20	12	Alignment_22	2	0.1667	fail
OG0000630_253	OG0000630_253_T4_15	15	6	Alignment_22	2	0.3333	fail
OG0000630_253	OG0000630_253_T5_9	9	5	Alignment_18	2	0.4000	fail
OG0000630_253	OG0000630_253_T6_6	6	2	Alignment_22	2	1.0000	pass
OG0000630_253	OG0000630_253_T7_6	6	4	Alignment_18	2	0.5000	pass
OG0000630_253	OG0000630_253_T8_5	5	4	Alignment_18	2	0.5000	pass
OG0000630_253	OG0000630_253_T9_5	5	5	Alignment_18	2	0.4000	fail
OG0000630_253	OG0000630_253_T10_4	4	2	Alignment_22	2	1.0000	pass
OG0000630_253	OG0000630_253_T11_3	3	2	Alignment_18	2	1.0000	pass
OG0000630_253	OG0000630_253_T12_2	2	2	Alignment_15	2	1.0000	pass
OG0000630_253	OG0000630_253_T13_2	2	0		0	0.0000	fail
OG0000630_253	OG0000630_253_T14_2	2	2	Alignment_15	2	1.0000	pass
OG0000630_253	OG0000630_253_T15_2	2	2	Alignment_15	2	1.0000	pass
OG0000630_253	OG0000630_253_T16_2	2	2	Alignment_21	2	1.0000	pass
OG0000630_253	OG0000630_253_T17_2	2	2	Alignment_15	2	1.0000	pass
OG0000630_253	OG0000630_253_T18_2	2	2	Alignment_16	2	1.0000	pass
OG0000630_253	OG0000630_253_T19_2	2	2	Alignment_15	2	1.0000	pass
OG0000630_253	OG0000630_253_T20_2	2	2	Alignment_15	2	1.0000	pass
OG0000630_253	OG0000630_253_T21_2	2	0		0	0.0000	fail
OG0000630_253	OG0000630_253_T22_2	2	2	Alignment_16	2	1.0000	pass
OG0000630_253	OG0000630_253_T23_2	2	2	Alignment_15	2	1.0000	pass
OG0000631_253	OG0000631_253_T1_19	19	7	Alignment_27	2	0.2857	fail
OG0000631_253	OG0000631_253_T2_24	24	10	Alignment_29	2	0.2000	fail
OG0000631_253	OG0000631_253_T3_24	24	13	Alignment_29	2	0.1538	fail
OG0000631_253	OG0000631_253_T4_8	8	6	Alignment_29	2	0.3333	fail
OG0000631_253	OG0000631_253_T5_5	5	0		0	0.0000	fail
OG0000631_253	OG0000631_253_T6_3	3	2	Alignment_25	2	1.0000	pass
OG0000631_253	OG0000631_253_T7_2	2	0		0	0.0000	fail
OG0000631_253	OG0000631_253_T8_2	2	2	Alignment_23	2	1.0000	pass
OG0000631_253	OG0000631_253_T9_2	2	2	Alignment_27	2	1.0000	pass
OG0000631_253	OG0000631_253_T10_2	2	0		0	0.0000	fail
OG0000631_253	OG0000631_253_T11_2	2	2	Alignment_24	2	1.0000	pass
OG0000631_253	OG0000631_253_T12_2	2	2	Alignment_23	2	1.0000	pass
OG0000633_253	OG0000633_253_T1_29	29	13	Alignment_36	2	0.1538	fail
OG0000633_253	OG0000633_253_T2_23	23	12	Alignment_36	2	0.1667	fail
OG0000633_253	OG0000633_253_T3_18	18	10	Alignment_35	2	0.2000	fail
OG0000633_253	OG0000633_253_T4_13	13	6	Alignment_34	2	0.3333	fail
OG0000633_253	OG0000633_253_T5_7	7	4	Alignment_33	2	0.5000	pass
OG0000633_253	OG0000633_253_T6_5	5	2	Alignment_36	2	1.0000	pass
OG0000633_253	OG0000633_253_T7_4	4	0		0	0.0000	fail
OG0000633_253	OG0000633_253_T8_4	4	2	Alignment_36	2	1.0000	pass
OG0000633_253	OG0000633_253_T9_4	4	4	Alignment_32	2	0.5000	pass
OG0000633_253	OG0000633_253_T10_2	2	0		0	0.0000	fail
OG0000633_253	OG0000633_253_T11_2	2	2	Alignment_35	2	1.0000	pass
OG0000633_253	OG0000633_253_T12_2	2	2	Alignment_31	2	1.0000	pass
OG0000633_253	OG0000633_253_T13_2	2	2	Alignment_30	2	1.0000	pass
OG0000633_253	OG0000633_253_T14_2	2	2	Alignment_31	2	1.0000	pass
OG0000633_253	OG0000633_253_T15_2	2	0		0	0.0000	fail
OG0000633_253	OG0000633_253_T16_2	2	2	Alignment_35	2	1.0000	pass
OG0000633_253	OG0000633_253_T17_2	2	2	Alignment_35	2	1.0000	pass
OG0000637_252	OG0000637_252_T1_23	23	10	Alignment_44	2	0.2000	fail
OG0000637_252	OG0000637_252_T2_21	21	12	Alignment_44	2	0.1667	fail
OG0000637_252	OG0000637_252_T3_19	19	11	Alignment_44	2	0.1818	fail
OG0000637_252	OG0000637_252_T4_9	9	4	Alignment_41	2	0.5000	pass
OG0000637_252	OG0000637_252_T5_5	5	3	Alignment_39	2	0.6667	pass
OG0000637_252	OG0000637_252_T6_4	4	2	Alignment_40	2	1.0000	pass
OG0000637_252	OG0000637_252_T7_4	4	2	Alignment_40	2	1.0000	pass
OG0000637_252	OG0000637_252_T8_3	3	0		0	0.0000	fail
OG0000637_252	OG0000637_252_T9_3	3	3	Alignment_39	2	0.6667	pass
OG0000637_252	OG0000637_252_T10_2	2	2	Alignment_40	2	1.0000	pass
OG0000637_252	OG0000637_252_T11_2	2	2	Alignment_37	2	1.0000	pass
OG0000637_252	OG0000637_252_T12_2	2	0		0	0.0000	fail
OG0000637_252	OG0000637_252_T13_2	2	2	Alignment_41	2	1.0000	pass
OG0000637_252	OG0000637_252_T14_2	2	2	Alignment_37	2	1.0000	pass
OG0000637_252	OG0000637_252_T15_2	2	2	Alignment_41	2	1.0000	pass
OG0000648_249	OG0000648_249_T1_26	26	9	Alignment_51	2	0.2222	fail
OG0000648_249	OG0000648_249_T2_18	18	11	Alignment_52	2	0.1818	fail
OG0000648_249	OG0000648_249_T3_13	13	4	Alignment_49	2	0.5000	pass
OG0000648_249	OG0000648_249_T4_13	13	7	Alignment_52	2	0.2857	fail
OG0000648_249	OG0000648_249_T5_6	6	4	Alignment_51	2	0.5000	pass
OG0000648_249	OG0000648_249_T6_6	6	4	Alignment_52	2	0.5000	pass
OG0000648_249	OG0000648_249_T7_5	5	4	Alignment_49	2	0.5000	pass
OG0000648_249	OG0000648_249_T8_2	2	2	Alignment_48	2	1.0000	pass
OG0000648_249	OG0000648_249_T9_2	2	2	Alignment_48	2	1.0000	pass
OG0000648_249	OG0000648_249_T10_2	2	2	Alignment_48	2	1.0000	pass
OG0000648_249	OG0000648_249_T11_2	2	2	Alignment_45	2	1.0000	pass
OG0000648_249	OG0000648_249_T12_2	2	0		0	0.0000	fail
OG0000648_249	OG0000648_249_T13_2	2	2	Alignment_45	2	1.0000	pass
OG0000648_249	OG0000648_249_T14_2	2	2	Alignment_48	2	1.0000	pass
OG0000648_249	OG0000648_249_T15_2	2	0		0	0.0000	fail
OG0000648_249	OG0000648_249_T16_2	2	2	Alignment_45	2	1.0000	pass
OG0000651_249	OG0000651_249_T1_22	22	10	Alignment_62	2	0.2000	fail
OG0000651_249	OG0000651_249_T2_22	22	13	Alignment_62	2	0.1538	fail
OG0000651_249	OG0000651_249_T3_22	22	15	Alignment_62	2	0.1333	fail
OG0000651_249	OG0000651_249_T4_20	20	14	Alignment_62	2	0.1429	fail
OG0000651_249	OG0000651_249_T5_15	15	9	Alignment_61	2	0.2222	fail
OG0000651_249	OG0000651_249_T6_15	15	9	Alignment_61	2	0.2222	fail
OG0000651_249	OG0000651_249_T7_13	13	10	Alignment_61	2	0.2000	fail
OG0000651_249	OG0000651_249_T8_3	3	2	Alignment_57	2	1.0000	pass
OG0000651_249	OG0000651_249_T9_3	3	3	Alignment_55	2	0.6667	pass
OG0000651_249	OG0000651_249_T10_3	3	0		0	0.0000	fail
OG0000651_249	OG0000651_249_T11_2	2	2	Alignment_56	2	1.0000	pass
OG0000651_249	OG0000651_249_T12_2	2	2	Alignment_56	2	1.0000	pass
OG0000651_249	OG0000651_249_T13_2	2	2	Alignment_56	2	1.0000	pass
OG0000651_249	OG0000651_249_T14_2	2	2	Alignment_53	2	1.0000	pass
OG0000651_249	OG0000651_249_T15_2	2	2	Alignment_57	2	1.0000	pass
OG0000651_249	OG0000651_249_T16_2	2	0		0	0.0000	fail
OG0000651_249	OG0000651_249_T17_2	2	2	Alignment_57	2	1.0000	pass
OG0000651_249	OG0000651_249_T18_2	2	2	Alignment_57	2	1.0000	pass
OG0000652_249	OG0000652_249_T1_26	26	13	Alignment_70	2	0.1538	fail
OG0000652_249	OG0000652_249_T2_22	22	12	Alignment_70	2	0.1667	fail
OG0000652_249	OG0000652_249_T3_16	16	6	Alignment_68	2	0.3333	fail
OG0000652_249	OG0000652_249_T4_10	10	5	Alignment_67	2	0.4000	fail
OG0000652_249	OG0000652_249_T5_9	9	6	Alignment_70	2	0.3333	fail
OG0000652_249	OG0000652_249_T6_5	5	2	Alignment_67	2	1.0000	pass
OG0000652_249	OG0000652_249_T7_4	4	2	Alignment_70	2	1.0000	pass
OG0000652_249	OG0000652_249_T8_3	3	2	Alignment_70	2	1.0000	pass
OG0000652_249	OG0000652_249_T9_3	3	2	Alignment_67	2	1.0000	pass
OG0000652_249	OG0000652_249_T10_2	2	2	Alignment_66	2	1.0000	pass
OG0000652_249	OG0000652_249_T11_2	2	2	Alignment_66	2	1.0000	pass
OG0000652_249	OG0000652_249_T12_2	2	2	Alignment_63	2	1.0000	pass
OG0000652_249	OG0000652_249_T13_2	2	2	Alignment_67	2	1.0000	pass
OG0000652_249	OG0000652_249_T14_2	2	0		0	0.0000	fail
OG0000652_249	OG0000652_249_T15_2	2	0		0	0.0000	fail
OG0000652_249	OG0000652_249_T16_2	2	0		0	0.0000	fail
OG0000652_249	OG0000652_249_T17_2	2	2	Alignment_66	2	1.0000	pass
OG0000652_249	OG0000652_249_T18_2	2	0		0	0.0000	fail
OG0000652_249	OG0000652_249_T19_2	2	2	Alignment_65	2	1.0000	pass
OG0000652_249	OG0000652_249_T20_2	2	2	Alignment_63	2	1.0000	pass
OG0000652_249	OG0000652_249_T21_2	2	0		0	0.0000	fail
OG0000657_248	OG0000657_248_T1_27	27	14	Alignment_79	2	0.1429	fail
OG0000657_248	OG0000657_248_T2_26	26	17	Alignment_79	2	0.1176	fail
OG0000657_248	OG0000657_248_T3_25	25	16	Alignment_79	2	0.1250	fail
OG0000657_248	OG0000657_248_T4_14	14	8	Alignment_76	2	0.2500	fail
OG0000657_248	OG0000657_248_T5_2	2	2	Alignment_71	2	1.0000	pass
OG0000657_248	OG0000657_248_T6_2	2	0		0	0.0000	fail
OG0000657_248	OG0000657_248_T7_2	2	2	Alignment_71	2	1.0000	pass
OG0000657_248	OG0000657_248_T8_2	2	0		0	0.0000	fail
OG0000657_248	OG0000657_248_T9_2	2	2	Alignment_77	2	1.0000	pass
OG0000657_248	OG0000657_248_T10_2	2	2	Alignment_71	2	1.0000	pass
OG0000657_248	OG0000657_248_T11_2	2	2	Alignment_73	2	1.0000	pass
OG0000657_248	OG0000657_248_T12_2	2	2	Alignment_72	2	1.0000	pass
OG0000657_248	OG0000657_248_T13_2	2	2	Alignment_71	2	1.0000	pass
OG0000658_248	OG0000658_248_T1_26	26	13	Alignment_89	2	0.1538	fail
OG0000658_248	OG0000658_248_T2_23	23	14	Alignment_89	2	0.1429	fail
OG0000658_248	OG0000658_248_T3_18	18	10	Alignment_88	2	0.2000	fail
OG0000658_248	OG0000658_248_T4_16	16	11	Alignment_88	2	0.1818	fail
OG0000658_248	OG0000658_248_T5_15	15	10	Alignment_89	2	0.2000	fail
OG0000658_248	OG0000658_248_T6_8	8	4	Alignment_88	2	0.5000	pass
OG0000658_248	OG0000658_248_T7_6	6	5	Alignment_84	2	0.4000	fail
OG0000658_248	OG0000658_248_T8_6	6	4	Alignment_86	2	0.5000	pass
OG0000658_248	OG0000658_248_T9_3	3	2	Alignment_83	2	1.0000	pass
OG0000658_248	OG0000658_248_T10_2	2	0		0	0.0000	fail
OG0000658_248	OG0000658_248_T11_2	2	2	Alignment_83	2	1.0000	pass
OG0000658_248	OG0000658_248_T12_2	2	2	Alignment_83	2	1.0000	pass
OG0000658_248	OG0000658_248_T13_2	2	2	Alignment_89	2	1.0000	pass
OG0000658_248	OG0000658_248_T14_2	2	2	Alignment_83	2	1.0000	pass
OG0000658_248	OG0000658_248_T15_2	2	2	Alignment_87	2	1.0000	pass
OG0000658_248	OG0000658_248_T16_2	2	2	Alignment_84	2	1.0000	pass
OG0000658_248	OG0000658_248_T17_2	2	2	Alignment_82	2	1.0000	pass
OG0000658_248	OG0000658_248_T18_2	2	2	Alignment_80	2	1.0000	pass
OG0000658_248	OG0000658_248_T19_2	2	2	Alignment_82	2	1.0000	pass
OG0000658_248	OG0000658_248_T20_2	2	2	Alignment_80	2	1.0000	pass
OG0000658_248	OG0000658_248_T21_2	2	2	Alignment_82	2	1.0000	pass
OG0000658_248	OG0000658_248_T22_2	2	2	Alignment_80	2	1.0000	pass
OG0000658_248	OG0000658_248_T23_2	2	2	Alignment_83	2	1.0000	pass
OG0000658_248	OG0000658_248_T24_2	2	2	Alignment_83	2	1.0000	pass
OG0000665_247	OG0000665_247_T1_25	25	16	Alignment_98	2	0.1250	fail
OG0000665_247	OG0000665_247_T2_25	25	16	Alignment_98	2	0.1250	fail
OG0000665_247	OG0000665_247_T3_25	25	16	Alignment_98	2	0.1250	fail
OG0000665_247	OG0000665_247_T4_16	16	9	Alignment_97	2	0.2222	fail
OG0000665_247	OG0000665_247_T5_14	14	4	Alignment_93	2	0.5000	pass
OG0000665_247	OG0000665_247_T6_6	6	5	Alignment_93	2	0.4000	fail
OG0000665_247	OG0000665_247_T7_4	4	2	Alignment_91	2	1.0000	pass
OG0000665_247	OG0000665_247_T8_3	3	0		0	0.0000	fail
OG0000665_247	OG0000665_247_T9_2	2	0		0	0.0000	fail
OG0000665_247	OG0000665_247_T10_2	2	2	Alignment_91	2	1.0000	pass
OG0000665_247	OG0000665_247_T11_2	2	2	Alignment_90	2	1.0000	pass
OG0000665_247	OG0000665_247_T12_2	2	0		0	0.0000	fail
OG0000665_247	OG0000665_247_T13_2	2	2	Alignment_92	2	1.0000	pass
OG0000665_247	OG0000665_247_T14_2	2	2	Alignment_91	2	1.0000	pass
OG0000665_247	OG0000665_247_T15_2	2	2	Alignment_90	2	1.0000	pass
OG0000665_247	OG0000665_247_T16_2	2	2	Alignment_91	2	1.0000	pass
OG0000665_247	OG0000665_247_T17_2	2	2	Alignment_91	2	1.0000	pass
OG0000665_247	OG0000665_247_T18_2	2	2	Alignment_90	2	1.0000	pass
OG0000665_247	OG0000665_247_T19_2	2	2	Alignment_91	2	1.0000	pass
OG0000665_247	OG0000665_247_T20_2	2	2	Alignment_91	2	1.0000	pass
OG0000665_247	OG0000665_247_T21_2	2	2	Alignment_90	2	1.0000	pass
OG0000665_247	OG0000665_247_T22_2	2	2	Alignment_90	2	1.0000	pass
OG0000665_247	OG0000665_247_T23_2	2	2	Alignment_90	2	1.0000	pass
OG0000667_246	OG0000667_246_T1_12	12	2	Alignment_107	2	1.0000	pass
OG0000667_246	OG0000667_246_T2_25	25	12	Alignment_107	2	0.1667	fail
OG0000667_246	OG0000667_246_T3_20	20	12	Alignment_106	2	0.1667	fail
OG0000667_246	OG0000667_246_T4_15	15	6	Alignment_106	2	0.3333	fail
OG0000667_246	OG0000667_246_T5_14	14	9	Alignment_99	2	0.2222	fail
OG0000667_246	OG0000667_246_T6_9	9	4	Alignment_103	2	0.5000	pass
OG0000667_246	OG0000667_246_T7_9	9	6	Alignment_106	2	0.3333	fail
OG0000667_246	OG0000667_246_T8_8	8	4	Alignment_104	2	0.5000	pass
OG0000667_246	OG0000667_246_T9_4	4	4	Alignment_103	2	0.5000	pass
OG0000667_246	OG0000667_246_T10_4	4	2	Alignment_105	2	1.0000	pass
OG0000667_246	OG0000667_246_T11_3	3	0		0	0.0000	fail
OG0000667_246	OG0000667_246_T12_3	3	2	Alignment_103	2	1.0000	pass
OG0000667_246	OG0000667_246_T13_2	2	2	Alignment_99	2	1.0000	pass
OG0000667_246	OG0000667_246_T14_2	2	2	Alignment_102	2	1.0000	pass
OG0000667_246	OG0000667_246_T15_2	2	2	Alignment_102	2	1.0000	pass
OG0000667_246	OG0000667_246_T16_2	2	2	Alignment_99	2	1.0000	pass
OG0000667_246	OG0000667_246_T17_2	2	2	Alignment_102	2	1.0000	pass
OG0000667_246	OG0000667_246_T18_2	2	2	Alignment_102	2	1.0000	pass
OG0000667_246	OG0000667_246_T19_2	2	2	Alignment_102	2	1.0000	pass
OG0000667_246	OG0000667_246_T20_2	2	2	Alignment_100	2	1.0000	pass
OG0000667_246	OG0000667_246_T21_2	2	2	Alignment_103	2	1.0000	pass
OG0000667_246	OG0000667_246_T22_2	2	0		0	0.0000	fail
OG0000667_246	OG0000667_246_T23_2	2	0		0	0.0000	fail
OG0000669_246	OG0000669_246_T1_14	14	2	Alignment_108	2	1.0000	pass
OG0000669_246	OG0000669_246_T2_7	7	0		0	0.0000	fail
OG0000669_246	OG0000669_246_T3_4	4	0		0	0.0000	fail
OG0000669_246	OG0000669_246_T4_4	4	0		0	0.0000	fail
OG0000669_246	OG0000669_246_T5_4	4	0		0	0.0000	fail
OG0000669_246	OG0000669_246_T6_4	4	2	Alignment_108	2	1.0000	pass
OG0000669_246	OG0000669_246_T7_3	3	0		0	0.0000	fail
OG0000669_246	OG0000669_246_T8_3	3	0		0	0.0000	fail
OG0000669_246	OG0000669_246_T9_3	3	0		0	0.0000	fail
OG0000669_246	OG0000669_246_T10_3	3	0		0	0.0000	fail
OG0000669_246	OG0000669_246_T11_2	2	0		0	0.0000	fail
OG0000669_246	OG0000669_246_T12_2	2	0		0	0.0000	fail
OG0000669_246	OG0000669_246_T13_2	2	0		0	0.0000	fail
OG0000669_246	OG0000669_246_T14_2	2	0		0	0.0000	fail
OG0000669_246	OG0000669_246_T15_2	2	0		0	0.0000	fail
OG0000669_246	OG0000669_246_T16_2	2	2	Alignment_108	2	1.0000	pass
OG0001259_162	OG0001259_162_T1_29	29	4	Alignment_111	2	0.5000	pass
OG0001259_162	OG0001259_162_T2_12	12	4	Alignment_111	2	0.5000	pass
OG0001259_162	OG0001259_162_T3_5	5	4	Alignment_111	2	0.5000	pass
OG0001259_162	OG0001259_162_T4_3	3	0		0	0.0000	fail
OG0001259_162	OG0001259_162_T5_3	3	2	Alignment_111	2	1.0000	pass
OG0001259_162	OG0001259_162_T6_2	2	2	Alignment_109	2	1.0000	pass
OG0001259_162	OG0001259_162_T7_2	2	0		0	0.0000	fail
OG0001259_162	OG0001259_162_T8_2	2	2	Alignment_109	2	1.0000	pass
OG0001259_162	OG0001259_162_T9_2	2	2	Alignment_109	2	1.0000	pass
OG0001260_162	OG0001260_162_T1_29	29	2	Alignment_112	2	1.0000	pass
OG0001260_162	OG0001260_162_T2_20	20	2	Alignment_112	2	1.0000	pass
OG0001260_162	OG0001260_162_T3_5	5	0		0	0.0000	fail
OG0001260_162	OG0001260_162_T4_3	3	0		0	0.0000	fail
OG0001260_162	OG0001260_162_T5_2	2	2	Alignment_112	2	1.0000	pass
OG0001260_162	OG0001260_162_T6_2	2	0		0	0.0000	fail
OG0001260_162	OG0001260_162_T7_2	2	0		0	0.0000	fail
OG0001266_162	OG0001266_162_T1_26	26	4	Alignment_115	2	0.5000	pass
OG0001266_162	OG0001266_162_T2_22	22	4	Alignment_115	2	0.5000	pass
OG0001266_162	OG0001266_162_T3_6	6	2	Alignment_114	2	1.0000	pass
OG0001266_162	OG0001266_162_T4_5	5	4	Alignment_115	2	0.5000	pass
OG0001266_162	OG0001266_162_T5_2	2	0		0	0.0000	fail
OG0001266_162	OG0001266_162_T6_2	2	0		0	0.0000	fail
OG0001266_162	OG0001266_162_T7_2	2	2	Alignment_113	2	1.0000	pass
OG0001266_162	OG0001266_162_T8_2	2	2	Alignment_114	2	1.0000	pass
OG0001266_162	OG0001266_162_T9_2	2	2	Alignment_114	2	1.0000	pass
OG0001266_162	OG0001266_162_T10_2	2	0		0	0.0000	fail
OG0001266_162	OG0001266_162_T11_2	2	2	Alignment_113	2	1.0000	pass
OG0001266_162	OG0001266_162_T12_2	2	0		0	0.0000	fail
OG0001266_162	OG0001266_162_T13_2	2	0		0	0.0000	fail
OG0001266_162	OG0001266_162_T14_2	2	2	Alignment_113	2	1.0000	pass
OG0001267_162	OG0001267_162_T1_28	28	7	Alignment_119	2	0.2857	fail
OG0001267_162	OG0001267_162_T2_23	23	6	Alignment_119	2	0.3333	fail
OG0001267_162	OG0001267_162_T3_6	6	4	Alignment_119	2	0.5000	pass
OG0001267_162	OG0001267_162_T4_4	4	0		0	0.0000	fail
OG0001267_162	OG0001267_162_T5_4	4	0		0	0.0000	fail
OG0001267_162	OG0001267_162_T6_2	2	0		0	0.0000	fail
OG0001267_162	OG0001267_162_T7_2	2	2	Alignment_118	2	1.0000	pass
OG0001267_162	OG0001267_162_T8_2	2	2	Alignment_119	2	1.0000	pass
OG0001267_162	OG0001267_162_T9_2	2	2	Alignment_117	2	1.0000	pass
OG0001267_162	OG0001267_162_T10_2	2	2	Alignment_116	2	1.0000	pass
OG0001267_162	OG0001267_162_T11_2	2	2	Alignment_116	2	1.0000	pass
OG0001267_162	OG0001267_162_T12_2	2	2	Alignment_116	2	1.0000	pass
OG0001270_161	OG0001270_161_T1_27	27	14	Alignment_127	2	0.1429	fail
OG0001270_161	OG0001270_161_T2_24	24	15	Alignment_127	2	0.1333	fail
OG0001270_161	OG0001270_161_T3_23	23	14	Alignment_127	2	0.1429	fail
OG0001270_161	OG0001270_161_T4_22	22	13	Alignment_127	2	0.1538	fail
OG0001270_161	OG0001270_161_T5_2	2	2	Alignment_120	2	1.0000	pass
OG0001270_161	OG0001270_161_T6_2	2	2	Alignment_120	2	1.0000	pass
OG0001270_161	OG0001270_161_T7_2	2	2	Alignment_120	2	1.0000	pass
OG0001272_161	OG0001272_161_T1_28	28	9	Alignment_132	2	0.2222	fail
OG0001272_161	OG0001272_161_T2_26	26	8	Alignment_132	2	0.2500	fail
OG0001272_161	OG0001272_161_T3_13	13	4	Alignment_132	2	0.5000	pass
OG0001272_161	OG0001272_161_T4_3	3	2	Alignment_131	2	1.0000	pass
OG0001272_161	OG0001272_161_T5_2	2	2	Alignment_130	2	1.0000	pass
OG0001272_161	OG0001272_161_T6_2	2	0		0	0.0000	fail
OG0001272_161	OG0001272_161_T7_2	2	2	Alignment_130	2	1.0000	pass
OG0001272_161	OG0001272_161_T8_2	2	2	Alignment_128	2	1.0000	pass
OG0001272_161	OG0001272_161_T9_2	2	2	Alignment_131	2	1.0000	pass
OG0001272_161	OG0001272_161_T10_2	2	2	Alignment_129	2	1.0000	pass
OG0001272_161	OG0001272_161_T11_2	2	2	Alignment_128	2	1.0000	pass
OG0001272_161	OG0001272_161_T12_2	2	2	Alignment_132	2	1.0000	pass
OG0001272_161	OG0001272_161_T13_2	2	2	Alignment_128	2	1.0000	pass
OG0001272_161	OG0001272_161_T14_2	2	0		0	0.0000	fail
OG0001277_161	OG0001277_161_T1_29	29	6	Alignment_135	2	0.3333	fail
OG0001277_161	OG0001277_161_T2_16	16	4	Alignment_135	2	0.5000	pass
OG0001277_161	OG0001277_161_T3_5	5	2	Alignment_135	2	1.0000	pass
OG0001277_161	OG0001277_161_T4_5	5	2	Alignment_134	2	1.0000	pass
OG0001277_161	OG0001277_161_T5_4	4	0		0	0.0000	fail
OG0001277_161	OG0001277_161_T6_2	2	0		0	0.0000	fail
OG0001277_161	OG0001277_161_T7_2	2	2	Alignment_133	2	1.0000	pass
OG0001277_161	OG0001277_161_T8_2	2	2	Alignment_133	2	1.0000	pass
OG0001277_161	OG0001277_161_T9_2	2	0		0	0.0000	fail
OG0001278_161	OG0001278_161_T1_27	27	4	Alignment_137	2	0.5000	pass
OG0001278_161	OG0001278_161_T2_24	24	4	Alignment_137	2	0.5000	pass
OG0001278_161	OG0001278_161_T3_5	5	2	Alignment_137	2	1.0000	pass
OG0001278_161	OG0001278_161_T4_3	3	0		0	0.0000	fail
OG0001278_161	OG0001278_161_T5_2	2	0		0	0.0000	fail
OG0001278_161	OG0001278_161_T6_2	2	2	Alignment_136	2	1.0000	pass
OG0001280_161	OG0001280_161_T1_27	27	9	Alignment_143	2	0.2222	fail
OG0001280_161	OG0001280_161_T2_23	23	9	Alignment_143	2	0.2222	fail
OG0001280_161	OG0001280_161_T3_6	6	4	Alignment_142	2	0.5000	pass
OG0001280_161	OG0001280_161_T4_5	5	0		0	0.0000	fail
OG0001280_161	OG0001280_161_T5_3	3	2	Alignment_141	2	1.0000	pass
OG0001280_161	OG0001280_161_T6_3	3	3	Alignment_140	2	0.6667	pass
OG0001280_161	OG0001280_161_T7_3	3	0		0	0.0000	fail
OG0001280_161	OG0001280_161_T8_2	2	0		0	0.0000	fail
OG0001280_161	OG0001280_161_T9_2	2	2	Alignment_138	2	1.0000	pass
OG0001280_161	OG0001280_161_T10_2	2	2	Alignment_143	2	1.0000	pass
OG0001280_161	OG0001280_161_T11_2	2	2	Alignment_138	2	1.0000	pass
OG0001280_161	OG0001280_161_T12_2	2	0		0	0.0000	fail
OG0001280_161	OG0001280_161_T13_2	2	2	Alignment_142	2	1.0000	pass
OG0001284_160	OG0001284_160_T1_28	28	4	Alignment_145	2	0.5000	pass
OG0001284_160	OG0001284_160_T2_16	16	4	Alignment_145	2	0.5000	pass
OG0001284_160	OG0001284_160_T3_4	4	0		0	0.0000	fail
OG0001284_160	OG0001284_160_T4_2	2	2	Alignment_145	2	1.0000	pass
OG0001284_160	OG0001284_160_T5_2	2	0		0	0.0000	fail
OG0001284_160	OG0001284_160_T6_2	2	0		0	0.0000	fail
OG0001284_160	OG0001284_160_T7_2	2	0		0	0.0000	fail
OG0001284_160	OG0001284_160_T8_2	2	2	Alignment_144	2	1.0000	pass
OG0001285_160	OG0001285_160_T1_25	25	6	Alignment_149	2	0.3333	fail
OG0001285_160	OG0001285_160_T2_11	11	4	Alignment_148	2	0.5000	pass
OG0001285_160	OG0001285_160_T3_11	11	6	Alignment_149	2	0.3333	fail
OG0001285_160	OG0001285_160_T4_10	10	4	Alignment_149	2	0.5000	pass
OG0001285_160	OG0001285_160_T5_5	5	0		0	0.0000	fail
OG0001285_160	OG0001285_160_T6_3	3	0		0	0.0000	fail
OG0001285_160	OG0001285_160_T7_3	3	0		0	0.0000	fail
OG0001285_160	OG0001285_160_T8_3	3	0		0	0.0000	fail
OG0001285_160	OG0001285_160_T9_3	3	0		0	0.0000	fail
OG0001285_160	OG0001285_160_T10_2	2	2	Alignment_146	2	1.0000	pass
OG0001285_160	OG0001285_160_T11_2	2	0		0	0.0000	fail
OG0001285_160	OG0001285_160_T12_2	2	0		0	0.0000	fail
OG0001285_160	OG0001285_160_T13_2	2	0		0	0.0000	fail
OG0001285_160	OG0001285_160_T14_2	2	2	Alignment_146	2	1.0000	pass
OG0001285_160	OG0001285_160_T15_2	2	2	Alignment_146	2	1.0000	pass
OG0001285_160	OG0001285_160_T16_2	2	2	Alignment_147	2	1.0000	pass
OG0001285_160	OG0001285_160_T17_2	2	2	Alignment_146	2	1.0000	pass
OG0001285_160	OG0001285_160_T18_2	2	2	Alignment_149	2	1.0000	pass
OG0001285_160	OG0001285_160_T19_2	2	0		0	0.0000	fail
OG0001289_160	OG0001289_160_T1_24	24	10	Alignment_157	2	0.2000	fail
OG0001289_160	OG0001289_160_T2_27	27	14	Alignment_157	2	0.1429	fail
OG0001289_160	OG0001289_160_T3_27	27	14	Alignment_157	2	0.1429	fail
OG0001289_160	OG0001289_160_T4_19	19	13	Alignment_156	2	0.1538	fail
OG0001289_160	OG0001289_160_T5_2	2	2	Alignment_150	2	1.0000	pass
OG0001289_160	OG0001289_160_T6_2	2	2	Alignment_150	2	1.0000	pass
OG0001289_160	OG0001289_160_T7_2	2	2	Alignment_150	2	1.0000	pass
OG0001289_160	OG0001289_160_T8_2	2	2	Alignment_152	2	1.0000	pass
OG0001289_160	OG0001289_160_T9_2	2	2	Alignment_152	2	1.0000	pass
OG0001294_159	OG0001294_159_T1_29	29	14	Alignment_165	2	0.1429	fail
OG0001294_159	OG0001294_159_T2_23	23	13	Alignment_165	2	0.1538	fail
OG0001294_159	OG0001294_159_T3_23	23	14	Alignment_165	2	0.1429	fail
OG0001294_159	OG0001294_159_T4_5	5	4	Alignment_163	2	0.5000	pass
OG0001294_159	OG0001294_159_T5_2	2	2	Alignment_158	2	1.0000	pass
OG0001294_159	OG0001294_159_T6_2	2	2	Alignment_159	2	1.0000	pass
OG0001294_159	OG0001294_159_T7_2	2	2	Alignment_158	2	1.0000	pass
OG0001294_159	OG0001294_159_T8_2	2	0		0	0.0000	fail
OG0001297_159	OG0001297_159_T1_28	28	4	Alignment_168	2	0.5000	pass
OG0001297_159	OG0001297_159_T2_11	11	0		0	0.0000	fail
OG0001297_159	OG0001297_159_T3_2	2	2	Alignment_166	2	1.0000	pass
OG0001297_159	OG0001297_159_T4_2	2	2	Alignment_167	2	1.0000	pass
OG0001297_159	OG0001297_159_T5_2	2	0		0	0.0000	fail
OG0001297_159	OG0001297_159_T6_2	2	2	Alignment_166	2	1.0000	pass
OG0001297_159	OG0001297_159_T7_2	2	2	Alignment_167	2	1.0000	pass
OG0001297_159	OG0001297_159_T8_2	2	2	Alignment_166	2	1.0000	pass
OG0001297_159	OG0001297_159_T9_2	2	2	Alignment_167	2	1.0000	pass
OG0001297_159	OG0001297_159_T10_2	2	2	Alignment_166	2	1.0000	pass
OG0001297_159	OG0001297_159_T11_2	2	2	Alignment_166	2	1.0000	pass
OG0001297_159	OG0001297_159_T12_2	2	2	Alignment_167	2	1.0000	pass
OG0001297_159	OG0001297_159_T13_2	2	2	Alignment_167	2	1.0000	pass
OG0001297_159	OG0001297_159_T14_2	2	2	Alignment_166	2	1.0000	pass
OG0001297_159	OG0001297_159_T15_2	2	2	Alignment_166	2	1.0000	pass
OG0001297_159	OG0001297_159_T16_2	2	2	Alignment_167	2	1.0000	pass
OG0001297_159	OG0001297_159_T17_2	2	2	Alignment_166	2	1.0000	pass
OG0001297_159	OG0001297_159_T18_2	2	2	Alignment_167	2	1.0000	pass
OG0001297_159	OG0001297_159_T19_2	2	2	Alignment_166	2	1.0000	pass
OG0001297_159	OG0001297_159_T20_2	2	2	Alignment_167	2	1.0000	pass
OG0001297_159	OG0001297_159_T21_2	2	2	Alignment_166	2	1.0000	pass
OG0001297_159	OG0001297_159_T22_2	2	2	Alignment_166	2	1.0000	pass
OG0001297_159	OG0001297_159_T23_2	2	2	Alignment_166	2	1.0000	pass
OG0001297_159	OG0001297_159_T24_2	2	2	Alignment_168	2	1.0000	pass
OG0001297_159	OG0001297_159_T25_2	2	2	Alignment_168	2	1.0000	pass
OG0001299_159	OG0001299_159_T1_24	24	2	Alignment_169	2	1.0000	pass
OG0001299_159	OG0001299_159_T2_22	22	2	Alignment_169	2	1.0000	pass
OG0001299_159	OG0001299_159_T3_5	5	0		0	0.0000	fail
OG0001299_159	OG0001299_159_T4_3	3	2	Alignment_169	2	1.0000	pass
OG0001299_159	OG0001299_159_T5_2	2	0		0	0.0000	fail
OG0001299_159	OG0001299_159_T6_2	2	0		0	0.0000	fail
OG0001299_159	OG0001299_159_T7_2	2	0		0	0.0000	fail
OG0001299_159	OG0001299_159_T8_2	2	0		0	0.0000	fail
OG0001307_159	OG0001307_159_T1_29	29	9	Alignment_175	2	0.2222	fail
OG0001307_159	OG0001307_159_T2_13	13	7	Alignment_175	2	0.2857	fail
OG0001307_159	OG0001307_159_T3_13	13	4	Alignment_175	2	0.5000	pass
OG0001307_159	OG0001307_159_T4_12	12	4	Alignment_173	2	0.5000	pass
OG0001307_159	OG0001307_159_T5_6	6	5	Alignment_174	2	0.4000	fail
OG0001307_159	OG0001307_159_T6_4	4	4	Alignment_174	2	0.5000	pass
OG0001307_159	OG0001307_159_T7_2	2	2	Alignment_170	2	1.0000	pass
OG0001307_159	OG0001307_159_T8_2	2	2	Alignment_173	2	1.0000	pass
OG0001307_159	OG0001307_159_T9_2	2	2	Alignment_170	2	1.0000	pass
OG0001307_159	OG0001307_159_T10_2	2	0		0	0.0000	fail
OG0001309_158	OG0001309_158_T1_27	27	4	Alignment_178	2	0.5000	pass
OG0001309_158	OG0001309_158_T2_23	23	4	Alignment_178	2	0.5000	pass
OG0001309_158	OG0001309_158_T3_5	5	4	Alignment_178	2	0.5000	pass
OG0001309_158	OG0001309_158_T4_3	3	0		0	0.0000	fail
OG0001309_158	OG0001309_158_T5_3	3	2	Alignment_178	2	1.0000	pass
OG0001309_158	OG0001309_158_T6_2	2	2	Alignment_177	2	1.0000	pass
OG0001309_158	OG0001309_158_T7_2	2	2	Alignment_177	2	1.0000	pass
OG0001309_158	OG0001309_158_T8_2	2	2	Alignment_176	2	1.0000	pass
OG0001309_158	OG0001309_158_T9_2	2	2	Alignment_177	2	1.0000	pass
OG0001311_158	OG0001311_158_T1_28	28	8	Alignment_183	2	0.2500	fail
OG0001311_158	OG0001311_158_T2_19	19	6	Alignment_183	2	0.3333	fail
OG0001311_158	OG0001311_158_T3_10	10	4	Alignment_183	2	0.5000	pass
OG0001311_158	OG0001311_158_T4_5	5	4	Alignment_182	2	0.5000	pass
OG0001311_158	OG0001311_158_T5_2	2	2	Alignment_181	2	1.0000	pass
OG0001311_158	OG0001311_158_T6_2	2	2	Alignment_181	2	1.0000	pass
OG0001311_158	OG0001311_158_T7_2	2	2	Alignment_179	2	1.0000	pass
OG0001311_158	OG0001311_158_T8_2	2	2	Alignment_179	2	1.0000	pass
OG0001311_158	OG0001311_158_T9_2	2	2	Alignment_179	2	1.0000	pass
OG0001311_158	OG0001311_158_T10_2	2	2	Alignment_180	2	1.0000	pass
OG0001311_158	OG0001311_158_T11_2	2	2	Alignment_179	2	1.0000	pass
OG0001311_158	OG0001311_158_T12_2	2	2	Alignment_179	2	1.0000	pass
OG0001311_158	OG0001311_158_T13_2	2	2	Alignment_179	2	1.0000	pass
OG0001311_158	OG0001311_158_T14_2	2	2	Alignment_180	2	1.0000	pass
OG0001311_158	OG0001311_158_T15_2	2	2	Alignment_179	2	1.0000	pass
OG0001312_158	OG0001312_158_T1_30	30	5	Alignment_186	2	0.4000	fail
OG0001312_158	OG0001312_158_T2_22	22	4	Alignment_186	2	0.5000	pass
OG0001312_158	OG0001312_158_T3_4	4	4	Alignment_186	2	0.5000	pass
OG0001312_158	OG0001312_158_T4_2	2	2	Alignment_184	2	1.0000	pass
OG0001312_158	OG0001312_158_T5_2	2	2	Alignment_184	2	1.0000	pass
OG0001317_157	OG0001317_157_T1_27	27	12	Alignment_193	2	0.1667	fail
OG0001317_157	OG0001317_157_T2_25	25	12	Alignment_193	2	0.1667	fail
OG0001317_157	OG0001317_157_T3_20	20	11	Alignment_193	2	0.1818	fail
OG0001317_157	OG0001317_157_T4_4	4	2	Alignment_189	2	1.0000	pass
OG0001317_157	OG0001317_157_T5_2	2	0		0	0.0000	fail
OG0001317_157	OG0001317_157_T6_2	2	2	Alignment_188	2	1.0000	pass
OG0001317_157	OG0001317_157_T7_2	2	2	Alignment_187	2	1.0000	pass
OG0001317_157	OG0001317_157_T8_2	2	0		0	0.0000	fail
OG0001318_157	OG0001318_157_T1_24	24	8	Alignment_199	2	0.2500	fail
OG0001318_157	OG0001318_157_T2_22	22	10	Alignment_199	2	0.2000	fail
OG0001318_157	OG0001318_157_T3_10	10	6	Alignment_198	2	0.3333	fail
OG0001318_157	OG0001318_157_T4_5	5	2	Alignment_199	2	1.0000	pass
OG0001318_157	OG0001318_157_T5_5	5	2	Alignment_196	2	1.0000	pass
OG0001318_157	OG0001318_157_T6_2	2	2	Alignment_194	2	1.0000	pass
OG0001318_157	OG0001318_157_T7_2	2	0		0	0.0000	fail
OG0001318_157	OG0001318_157_T8_2	2	2	Alignment_196	2	1.0000	pass
OG0001318_157	OG0001318_157_T9_2	2	2	Alignment_194	2	1.0000	pass
OG0001318_157	OG0001318_157_T10_2	2	0		0	0.0000	fail
OG0001318_157	OG0001318_157_T11_2	2	0		0	0.0000	fail
OG0001318_157	OG0001318_157_T12_2	2	2	Alignment_194	2	1.0000	pass
OG0001318_157	OG0001318_157_T13_2	2	2	Alignment_194	2	1.0000	pass
OG0001318_157	OG0001318_157_T14_2	2	2	Alignment_195	2	1.0000	pass
OG0001318_157	OG0001318_157_T15_2	2	2	Alignment_194	2	1.0000	pass
OG0001318_157	OG0001318_157_T16_2	2	0		0	0.0000	fail
OG0001319_157	OG0001319_157_T1_29	29	4	Alignment_202	2	0.5000	pass
OG0001319_157	OG0001319_157_T2_25	25	5	Alignment_202	2	0.4000	fail
OG0001319_157	OG0001319_157_T3_5	5	4	Alignment_202	2	0.5000	pass
OG0001319_157	OG0001319_157_T4_2	2	2	Alignment_200	2	1.0000	pass
OG0001319_157	OG0001319_157_T5_2	2	2	Alignment_200	2	1.0000	pass
OG0001319_157	OG0001319_157_T6_2	2	2	Alignment_202	2	1.0000	pass
OG0002437_101	OG0002437_101_T1_29	29	2	Alignment_204	2	1.0000	pass
OG0002437_101	OG0002437_101_T2_26	26	2	Alignment_203	2	1.0000	pass
OG0002437_101	OG0002437_101_T3_2	2	2	Alignment_204	2	1.0000	pass
OG0002437_101	OG0002437_101_T4_2	2	2	Alignment_203	2	1.0000	pass
OG0002437_101	OG0002437_101_T5_2	2	2	Alignment_204	2	1.0000	pass
OG0002437_101	OG0002437_101_T6_2	2	2	Alignment_203	2	1.0000	pass
OG0002440_101	OG0002440_101_T1_26	26	0		0	0.0000	fail
OG0002440_101	OG0002440_101_T2_20	20	0		0	0.0000	fail
OG0002440_101	OG0002440_101_T3_2	2	0		0	0.0000	fail
OG0002440_101	OG0002440_101_T4_2	2	0		0	0.0000	fail
OG0002442_101	OG0002442_101_T1_23	23	0		0	0.0000	fail
OG0002442_101	OG0002442_101_T2_4	4	0		0	0.0000	fail
OG0002442_101	OG0002442_101_T3_4	4	0		0	0.0000	fail
OG0002442_101	OG0002442_101_T4_3	3	0		0	0.0000	fail
OG0002442_101	OG0002442_101_T5_2	2	0		0	0.0000	fail
OG0002447_101	OG0002447_101_T1_27	27	0		0	0.0000	fail
OG0002447_101	OG0002447_101_T2_9	9	0		0	0.0000	fail
OG0002447_101	OG0002447_101_T3_6	6	2	Alignment_205	2	1.0000	pass
OG0002447_101	OG0002447_101_T4_3	3	0		0	0.0000	fail
OG0002447_101	OG0002447_101_T5_2	2	2	Alignment_205	2	1.0000	pass
OG0002447_101	OG0002447_101_T6_2	2	2	Alignment_205	2	1.0000	pass
OG0002449_101	OG0002449_101_T1_29	29	0		0	0.0000	fail
OG0002449_101	OG0002449_101_T2_2	2	0		0	0.0000	fail
OG0002449_101	OG0002449_101_T3_2	2	0		0	0.0000	fail
OG0002449_101	OG0002449_101_T4_2	2	0		0	0.0000	fail
OG0002449_101	OG0002449_101_T5_2	2	0		0	0.0000	fail
OG0002450_101	OG0002450_101_T1_20	20	0		0	0.0000	fail
OG0002450_101	OG0002450_101_T2_17	17	0		0	0.0000	fail
OG0002450_101	OG0002450_101_T3_2	2	0		0	0.0000	fail
OG0002450_101	OG0002450_101_T4_2	2	0		0	0.0000	fail
OG0002450_101	OG0002450_101_T5_2	2	0		0	0.0000	fail
OG0002450_101	OG0002450_101_T6_2	2	0		0	0.0000	fail
OG0002451_101	OG0002451_101_T1_26	26	0		0	0.0000	fail
OG0002451_101	OG0002451_101_T2_8	8	0		0	0.0000	fail
OG0002451_101	OG0002451_101_T3_4	4	0		0	0.0000	fail
OG0002451_101	OG0002451_101_T4_3	3	0		0	0.0000	fail
OG0002451_101	OG0002451_101_T5_2	2	0		0	0.0000	fail
OG0002451_101	OG0002451_101_T6_2	2	0		0	0.0000	fail
OG0002462_100	OG0002462_100_T1_24	24	4	Alignment_207	2	0.5000	pass
OG0002462_100	OG0002462_100_T2_23	23	4	Alignment_207	2	0.5000	pass
OG0002462_100	OG0002462_100_T3_6	6	0		0	0.0000	fail
OG0002462_100	OG0002462_100_T4_5	5	4	Alignment_207	2	0.5000	pass
OG0002462_100	OG0002462_100_T5_2	2	0		0	0.0000	fail
OG0002462_100	OG0002462_100_T6_2	2	0		0	0.0000	fail
OG0002464_100	OG0002464_100_T1_27	27	2	Alignment_208	2	1.0000	pass
OG0002464_100	OG0002464_100_T2_10	10	0		0	0.0000	fail
OG0002464_100	OG0002464_100_T3_3	3	3	Alignment_209	2	0.6667	pass
OG0002464_100	OG0002464_100_T4_2	2	0		0	0.0000	fail
OG0002464_100	OG0002464_100_T5_2	2	2	Alignment_209	2	1.0000	pass
OG0002464_100	OG0002464_100_T6_2	2	2	Alignment_208	2	1.0000	pass
OG0002464_100	OG0002464_100_T7_2	2	0		0	0.0000	fail
OG0002464_100	OG0002464_100_T8_2	2	2	Alignment_209	2	1.0000	pass
OG0002466_100	OG0002466_100_T1_29	29	4	Alignment_212	2	0.5000	pass
OG0002466_100	OG0002466_100_T2_5	5	4	Alignment_212	2	0.5000	pass
OG0002466_100	OG0002466_100_T3_3	3	3	Alignment_211	2	0.6667	pass
OG0002466_100	OG0002466_100_T4_2	2	2	Alignment_210	2	1.0000	pass
OG0002466_100	OG0002466_100_T5_2	2	2	Alignment_210	2	1.0000	pass
OG0002466_100	OG0002466_100_T6_2	2	2	Alignment_212	2	1.0000	pass
OG0002466_100	OG0002466_100_T7_2	2	2	Alignment_211	2	1.0000	pass
OG0002466_100	OG0002466_100_T8_2	2	2	Alignment_210	2	1.0000	pass
OG0002470_100	OG0002470_100_T1_16	16	2	Alignment_213	2	1.0000	pass
OG0002470_100	OG0002470_100_T2_12	12	0		0	0.0000	fail
OG0002470_100	OG0002470_100_T3_6	6	0		0	0.0000	fail
OG0002470_100	OG0002470_100_T4_5	5	0		0	0.0000	fail
OG0002470_100	OG0002470_100_T5_2	2	2	Alignment_213	2	1.0000	pass
OG0002470_100	OG0002470_100_T6_2	2	0		0	0.0000	fail
OG0002470_100	OG0002470_100_T7_2	2	0		0	0.0000	fail
OG0002470_100	OG0002470_100_T8_2	2	2	Alignment_213	2	1.0000	pass
OG0002470_100	OG0002470_100_T9_2	2	0		0	0.0000	fail
OG0002470_100	OG0002470_100_T10_2	2	0		0	0.0000	fail
OG0002471_100	OG0002471_100_T1_29	29	4	Alignment_216	2	0.5000	pass
OG0002471_100	OG0002471_100_T2_24	24	4	Alignment_216	2	0.5000	pass
OG0002471_100	OG0002471_100_T3_5	5	4	Alignment_216	2	0.5000	pass
OG0002471_100	OG0002471_100_T4_4	4	2	Alignment_215	2	1.0000	pass
OG0002471_100	OG0002471_100_T5_2	2	2	Alignment_215	2	1.0000	pass
OG0002471_100	OG0002471_100_T6_2	2	2	Alignment_214	2	1.0000	pass
OG0002471_100	OG0002471_100_T7_2	2	2	Alignment_214	2	1.0000	pass
OG0002485_100	OG0002485_100_T1_27	27	3	Alignment_218	2	0.6667	pass
OG0002485_100	OG0002485_100_T2_3	3	3	Alignment_218	2	0.6667	pass
OG0002485_100	OG0002485_100_T3_3	3	0		0	0.0000	fail
OG0002485_100	OG0002485_100_T4_3	3	0		0	0.0000	fail
OG0002485_100	OG0002485_100_T5_3	3	0		0	0.0000	fail
OG0002485_100	OG0002485_100_T6_2	2	0		0	0.0000	fail
OG0002485_100	OG0002485_100_T7_2	2	2	Alignment_218	2	1.0000	pass
OG0002485_100	OG0002485_100_T8_2	2	2	Alignment_217	2	1.0000	pass
OG0002485_100	OG0002485_100_T9_2	2	2	Alignment_218	2	1.0000	pass
OG0002498_99	OG0002498_99_T1_29	29	0		0	0.0000	fail
OG0002498_99	OG0002498_99_T2_5	5	0		0	0.0000	fail
OG0002498_99	OG0002498_99_T3_2	2	0		0	0.0000	fail
OG0002498_99	OG0002498_99_T4_2	2	0		0	0.0000	fail
OG0002498_99	OG0002498_99_T5_2	2	0		0	0.0000	fail
OG0002498_99	OG0002498_99_T6_2	2	0		0	0.0000	fail
OG0002498_99	OG0002498_99_T7_2	2	0		0	0.0000	fail
OG0002506_99	OG0002506_99_T1_30	30	0		0	0.0000	fail
OG0002506_99	OG0002506_99_T2_23	23	0		0	0.0000	fail
OG0002508_99	OG0002508_99_T1_28	28	2	Alignment_219	2	1.0000	pass
OG0002508_99	OG0002508_99_T2_24	24	2	Alignment_219	2	1.0000	pass
OG0002508_99	OG0002508_99_T3_2	2	0		0	0.0000	fail
OG0002508_99	OG0002508_99_T4_2	2	2	Alignment_219	2	1.0000	pass
OG0002511_99	OG0002511_99_T1_28	28	4	Alignment_222	2	0.5000	pass
OG0002511_99	OG0002511_99_T2_19	19	4	Alignment_222	2	0.5000	pass
OG0002511_99	OG0002511_99_T3_3	3	3	Alignment_221	2	0.6667	pass
OG0002511_99	OG0002511_99_T4_3	3	2	Alignment_222	2	1.0000	pass
OG0002511_99	OG0002511_99_T5_2	2	2	Alignment_220	2	1.0000	pass
OG0002511_99	OG0002511_99_T6_2	2	2	Alignment_220	2	1.0000	pass
OG0002519_99	OG0002519_99_T1_29	29	2	Alignment_224	2	1.0000	pass
OG0002519_99	OG0002519_99_T2_15	15	4	Alignment_224	2	0.5000	pass
OG0002519_99	OG0002519_99_T3_4	4	0		0	0.0000	fail
OG0002519_99	OG0002519_99_T4_2	2	0		0	0.0000	fail
OG0002519_99	OG0002519_99_T5_2	2	0		0	0.0000	fail
OG0002519_99	OG0002519_99_T6_2	2	2	Alignment_223	2	1.0000	pass
OG0002519_99	OG0002519_99_T7_2	2	2	Alignment_223	2	1.0000	pass
OG0002519_99	OG0002519_99_T8_2	2	0		0	0.0000	fail
OG0002519_99	OG0002519_99_T9_2	2	2	Alignment_224	2	1.0000	pass
OG0002521_99	OG0002521_99_T1_29	29	2	Alignment_226	2	1.0000	pass
OG0002521_99	OG0002521_99_T2_5	5	2	Alignment_226	2	1.0000	pass
OG0002521_99	OG0002521_99_T3_3	3	3	Alignment_226	2	0.6667	pass
OG0002521_99	OG0002521_99_T4_2	2	2	Alignment_226	2	1.0000	pass
OG0002521_99	OG0002521_99_T5_2	2	2	Alignment_225	2	1.0000	pass
OG0002521_99	OG0002521_99_T6_2	2	2	Alignment_225	2	1.0000	pass
OG0002522_99	OG0002522_99_T1_23	23	6	Alignment_229	2	0.3333	fail
OG0002522_99	OG0002522_99_T2_23	23	8	Alignment_230	2	0.2500	fail
OG0002522_99	OG0002522_99_T3_12	12	4	Alignment_230	2	0.5000	pass
OG0002522_99	OG0002522_99_T4_2	2	0		0	0.0000	fail
OG0002522_99	OG0002522_99_T5_2	2	2	Alignment_230	2	1.0000	pass
OG0002522_99	OG0002522_99_T6_2	2	2	Alignment_228	2	1.0000	pass
OG0002522_99	OG0002522_99_T7_2	2	2	Alignment_227	2	1.0000	pass
OG0002523_99	OG0002523_99_T1_24	24	2	Alignment_231	2	1.0000	pass
OG0002523_99	OG0002523_99_T2_27	27	2	Alignment_231	2	1.0000	pass
OG0002523_99	OG0002523_99_T3_6	6	0		0	0.0000	fail
OG0002523_99	OG0002523_99_T4_2	2	2	Alignment_231	2	1.0000	pass
OG0002523_99	OG0002523_99_T5_2	2	0		0	0.0000	fail
OG0002523_99	OG0002523_99_T6_2	2	0		0	0.0000	fail
OG0002523_99	OG0002523_99_T7_2	2	0		0	0.0000	fail
OG0002524_99	OG0002524_99_T1_28	28	0		0	0.0000	fail
OG0002524_99	OG0002524_99_T2_5	5	0		0	0.0000	fail
OG0002524_99	OG0002524_99_T3_2	2	0		0	0.0000	fail
OG0002524_99	OG0002524_99_T4_2	2	0		0	0.0000	fail
OG0002527_99	OG0002527_99_T1_23	23	0		0	0.0000	fail
OG0002527_99	OG0002527_99_T2_19	19	0		0	0.0000	fail
OG0002527_99	OG0002527_99_T3_5	5	0		0	0.0000	fail
OG0002527_99	OG0002527_99_T4_2	2	0		0	0.0000	fail
OG0002527_99	OG0002527_99_T5_2	2	0		0	0.0000	fail
OG0002527_99	OG0002527_99_T6_2	2	0		0	0.0000	fail
OG0002528_99	OG0002528_99_T1_20	20	0		0	0.0000	fail
OG0002528_99	OG0002528_99_T2_12	12	0		0	0.0000	fail
OG0002528_99	OG0002528_99_T3_8	8	0		0	0.0000	fail
OG0002528_99	OG0002528_99_T4_4	4	0		0	0.0000	fail
OG0002528_99	OG0002528_99_T5_3	3	0		0	0.0000	fail
OG0002528_99	OG0002528_99_T6_2	2	0		0	0.0000	fail
OG0004376_65	OG0004376_65_T1_30	30	0		0	0.0000	fail
OG0004390_65	OG0004390_65_T1_29	29	0		0	0.0000	fail
OG0004390_65	OG0004390_65_T2_2	2	0		0	0.0000	fail
OG0004390_65	OG0004390_65_T3_2	2	0		0	0.0000	fail
OG0004390_65	OG0004390_65_T4_2	2	0		0	0.0000	fail
OG0004411_65	OG0004411_65_T1_27	27	0		0	0.0000	fail
OG0004411_65	OG0004411_65_T2_3	3	0		0	0.0000	fail
OG0004411_65	OG0004411_65_T3_2	2	0		0	0.0000	fail
OG0004434_65	OG0004434_65_T1_29	29	2	Alignment_232	2	1.0000	pass
OG0004434_65	OG0004434_65_T2_2	2	2	Alignment_232	2	1.0000	pass
OG0004434_65	OG0004434_65_T3_2	2	0		0	0.0000	fail
OG0004434_65	OG0004434_65_T4_2	2	2	Alignment_232	2	1.0000	pass
OG0004434_65	OG0004434_65_T5_2	2	0		0	0.0000	fail
OG0004434_65	OG0004434_65_T6_2	2	2	Alignment_232	2	1.0000	pass
OG0004443_65	OG0004443_65_T1_30	30	0		0	0.0000	fail
OG0004443_65	OG0004443_65_T2_2	2	0		0	0.0000	fail
OG0004444_65	OG0004444_65_T1_29	29	0		0	0.0000	fail
OG0004444_65	OG0004444_65_T2_2	2	0		0	0.0000	fail
OG0004444_65	OG0004444_65_T3_2	2	0		0	0.0000	fail
OG0004444_65	OG0004444_65_T4_2	2	0		0	0.0000	fail
OG0004445_65	OG0004445_65_T1_29	29	0		0	0.0000	fail
OG0004445_65	OG0004445_65_T2_2	2	0		0	0.0000	fail
OG0004445_65	OG0004445_65_T3_2	2	0		0	0.0000	fail
OG0004445_65	OG0004445_65_T4_2	2	0		0	0.0000	fail
OG0004446_65	OG0004446_65_T1_29	29	0		0	0.0000	fail
OG0004446_65	OG0004446_65_T2_2	2	0		0	0.0000	fail
OG0004449_65	OG0004449_65_T1_29	29	0		0	0.0000	fail
OG0004449_65	OG0004449_65_T2_2	2	0		0	0.0000	fail
OG0004452_65	OG0004452_65_T1_28	28	2	Alignment_233	2	1.0000	pass
OG0004452_65	OG0004452_65_T2_3	3	0		0	0.0000	fail
OG0004452_65	OG0004452_65_T3_2	2	2	Alignment_233	2	1.0000	pass
OG0004452_65	OG0004452_65_T4_2	2	0		0	0.0000	fail
OG0004452_65	OG0004452_65_T5_2	2	2	Alignment_233	2	1.0000	pass
OG0004471_64	OG0004471_64_T1_28	28	0		0	0.0000	fail
OG0004471_64	OG0004471_64_T2_2	2	0		0	0.0000	fail
OG0004471_64	OG0004471_64_T3_2	2	0		0	0.0000	fail
OG0004471_64	OG0004471_64_T4_2	2	0		0	0.0000	fail
OG0004472_64	OG0004472_64_T1_29	29	0		0	0.0000	fail
OG0004472_64	OG0004472_64_T2_2	2	0		0	0.0000	fail
OG0004472_64	OG0004472_64_T3_2	2	0		0	0.0000	fail
OG0004474_64	OG0004474_64_T1_29	29	0		0	0.0000	fail
OG0004474_64	OG0004474_64_T2_5	5	0		0	0.0000	fail
OG0004474_64	OG0004474_64_T3_2	2	0		0	0.0000	fail
OG0004478_64	OG0004478_64_T1_30	30	2	Alignment_234	2	1.0000	pass
OG0004478_64	OG0004478_64_T2_3	3	2	Alignment_234	2	1.0000	pass
OG0004478_64	OG0004478_64_T3_2	2	2	Alignment_234	2	1.0000	pass
OG0004480_64	OG0004480_64_T1_28	28	0		0	0.0000	fail
OG0004480_64	OG0004480_64_T2_12	12	0		0	0.0000	fail
OG0004480_64	OG0004480_64_T3_2	2	0		0	0.0000	fail
OG0004480_64	OG0004480_64_T4_2	2	0		0	0.0000	fail
OG0004485_64	OG0004485_64_T1_29	29	0		0	0.0000	fail
OG0004485_64	OG0004485_64_T2_5	5	0		0	0.0000	fail
OG0004485_64	OG0004485_64_T3_2	2	0		0	0.0000	fail
OG0004485_64	OG0004485_64_T4_2	2	0		0	0.0000	fail
OG0004491_64	OG0004491_64_T1_28	28	0		0	0.0000	fail
OG0004491_64	OG0004491_64_T2_3	3	0		0	0.0000	fail
OG0004491_64	OG0004491_64_T3_2	2	0		0	0.0000	fail
OG0004491_64	OG0004491_64_T4_2	2	0		0	0.0000	fail
OG0004491_64	OG0004491_64_T5_2	2	0		0	0.0000	fail
OG0004492_64	OG0004492_64_T1_30	30	0		0	0.0000	fail
OG0004493_64	OG0004493_64_T1_29	29	0		0	0.0000	fail
OG0004493_64	OG0004493_64_T2_2	2	0		0	0.0000	fail
OG0004493_64	OG0004493_64_T3_2	2	0		0	0.0000	fail
OG0004493_64	OG0004493_64_T4_2	2	0		0	0.0000	fail
OG0004494_64	OG0004494_64_T1_27	27	0		0	0.0000	fail
OG0004494_64	OG0004494_64_T2_12	12	0		0	0.0000	fail
OG0004494_64	OG0004494_64_T3_3	3	0		0	0.0000	fail
OG0004494_64	OG0004494_64_T4_3	3	0		0	0.0000	fail
OG0004494_64	OG0004494_64_T5_2	2	0		0	0.0000	fail
OG0004495_64	OG0004495_64_T1_29	29	0		0	0.0000	fail
OG0004495_64	OG0004495_64_T2_2	2	0		0	0.0000	fail
OG0004506_64	OG0004506_64_T1_30	30	2	Alignment_235	2	1.0000	pass
OG0004506_64	OG0004506_64_T2_2	2	2	Alignment_235	2	1.0000	pass
OG0004506_64	OG0004506_64_T3_2	2	0		0	0.0000	fail
OG0004506_64	OG0004506_64_T4_2	2	2	Alignment_235	2	1.0000	pass
OG0007933_40	OG0007933_40_T1_29	29	0		0	0.0000	fail
OG0007933_40	OG0007933_40_T2_2	2	0		0	0.0000	fail
OG0007937_40	OG0007937_40_T1_30	30	0		0	0.0000	fail
OG0007968_40	OG0007968_40_T1_29	29	0		0	0.0000	fail
OG0007968_40	OG0007968_40_T2_2	2	0		0	0.0000	fail
OG0007968_40	OG0007968_40_T3_2	2	0		0	0.0000	fail
OG0007968_40	OG0007968_40_T4_2	2	0		0	0.0000	fail
OG0007983_40	OG0007983_40_T1_26	26	0		0	0.0000	fail
OG0007983_40	OG0007983_40_T2_4	4	0		0	0.0000	fail
OG0007983_40	OG0007983_40_T3_2	2	0		0	0.0000	fail
OG0008026_40	OG0008026_40_T1_29	29	2	Alignment_236	2	1.0000	pass
OG0008026_40	OG0008026_40_T2_2	2	2	Alignment_236	2	1.0000	pass
OG0008026_40	OG0008026_40_T3_2	2	2	Alignment_236	2	1.0000	pass
OG0008026_40	OG0008026_40_T4_2	2	0		0	0.0000	fail
OG0008032_40	OG0008032_40_T1_28	28	0		0	0.0000	fail
OG0008032_40	OG0008032_40_T2_2	2	0		0	0.0000	fail
OG0008032_40	OG0008032_40_T3_2	2	0		0	0.0000	fail
OG0008033_40	OG0008033_40_T1_29	29	0		0	0.0000	fail
OG0008033_40	OG0008033_40_T2_2	2	0		0	0.0000	fail
OG0008047_40	OG0008047_40_T1_30	30	0		0	0.0000	fail
OG0008056_40	OG0008056_40_T1_26	26	0		0	0.0000	fail
OG0008056_40	OG0008056_40_T2_4	4	0		0	0.0000	fail
OG0008056_40	OG0008056_40_T3_2	2	0		0	0.0000	fail
OG0008066_40	OG0008066_40_T1_29	29	0		0	0.0000	fail
OG0008066_40	OG0008066_40_T2_2	2	0		0	0.0000	fail
OG0008111_39	OG0008111_39_T1_29	29	0		0	0.0000	fail
OG0008111_39	OG0008111_39_T2_2	2	0		0	0.0000	fail
OG0008135_39	OG0008135_39_T1_29	29	0		0	0.0000	fail
OG0008135_39	OG0008135_39_T2_2	2	0		0	0.0000	fail
OG0008154_39	OG0008154_39_T1_29	29	0		0	0.0000	fail
OG0008154_39	OG0008154_39_T2_2	2	0		0	0.0000	fail
OG0008159_39	OG0008159_39_T1_29	29	0		0	0.0000	fail
OG0008159_39	OG0008159_39_T2_2	2	0		0	0.0000	fail
OG0008161_39	OG0008161_39_T1_29	29	0		0	0.0000	fail
OG0008161_39	OG0008161_39_T2_2	2	0		0	0.0000	fail
OG0008173_39	OG0008173_39_T1_30	30	0		0	0.0000	fail
OG0008177_39	OG0008177_39_T1_29	29	0		0	0.0000	fail
OG0008177_39	OG0008177_39_T2_2	2	0		0	0.0000	fail
OG0008199_39	OG0008199_39_T1_29	29	0		0	0.0000	fail
OG0008199_39	OG0008199_39_T2_3	3	0		0	0.0000	fail
