tre_ID	OG_1	OG_2	OG_3	OG_4	OG_5	OG_6	OG_7	OG_8	OG_9	OG_10	OG_11	OG_12	OG_13	OG_14	OG_15	OG_16	OG_17	OG_18	OG_19	OG_20	OG_21	OG_22	OG_23	OG_24	OG_25
OG0000622_254	COF_0004302,MIM_0000394,ACT_0023101,SOL_0012491,CEC_0013176,PHA_0024310,GLY_0071875,ardaradu.V14167.gnm1.Aradu.A09g03327,LOC107619373,arharahy.Tifrunner.gnm1.Arahy.19g03446,MED_0006003,CUC_0022948,PRU_0043513,POP_0004022,CER_0005915,HEL_0032404,GIN_0012376,VIT_0020106,AMB_0015029,NYM_0031460,LIR_0011521,CIN_0014370,AQU_0041447,ASP_0020588,ARA_0024398,ORY_0002729,BRA_0051014	MAR_0009187,AQU_0024347,CIN_0024981,LIR_0036186,VIT_0020057,ACT_0037100,CEC_0028899,PHA_0036717,GLY_0016021,LOC107631511,ardaradu.V14167.gnm1.Aradu.A03g04571,arharahy.Tifrunner.gnm1.Arahy.13g04700,MED_0021556,HEL_0040894,MIM_0028493,PRU_0021512,ARA_0003888,POP_0034211,COF_0021759,CUC_0002621,AMB_0002630,NYM_0015949,ASP_0000388,BRA_0035210,ORY_0016453,GIN_0024426	COF_0014769,SOL_0009661,HEL_0019742,MIM_0020585,ACT_0004080,AMB_0014267,CIN_0014522,LIR_0027560,NYM_0002200,POP_0045175,PRU_0003336,VIT_0019526,AQU_0004303,CEC_0029769,MED_0033995,LOC107639536,arharahy.Tifrunner.gnm1.Arahy.14g02158,GLY_0001430,PHA_0000496,ARA_0016277,GIN_0026397,CER_0044863	ACT_0029280,VIT_0027565,POP_0042447,AQU_0026298,HEL_0004248,CIN_0017325,LIR_0014679,NYM_0011350,CUC_0025092,PRU_0026476,AMB_0015608,COF_0018196,MIM_0014080	CEC_0023151,MED_0016924,PHA_0010091,GLY_0011095,arharahy.Tifrunner.gnm1.Arahy.11g00431,SOL_0030903,ACT_0032989,CUC_0021224,ARA_0004046	AQU_0035154,CEC_0016363,GLY_0033335,PHA_0003786,MED_0008712,LOC107622460,arharahy.Tifrunner.gnm1.Arahy.20g00092	LOC107641626,ardaradu.V14167.gnm1.Aradu.A05g00314,arharahy.Tifrunner.gnm1.Arahy.05g00348,MED_0034781	LOC107609632,ardaradu.V14167.gnm1.Aradu.A08g00258,arharahy.Tifrunner.gnm1.Arahy.08g00256	CUC_0004082,PRU_0014086,VIT_0003901	DUN_0004390,MIM_0000011	ACT_0022072,VIT_0011530	CHL_0004222,GIN_0027741	LOC107619374,arharahy.Tifrunner.gnm1.Arahy.19g03447	BRA_0011993,ORY_0028906	BRA_0017726,ORY_0027410	ARA_0009232,POP_0041144	ardaradu.V14167.gnm1.Aradu.A01g00788,arharahy.Tifrunner.gnm1.Arahy.01g00987	ardaradu.V14167.gnm1.Aradu.A04g01481,arharahy.Tifrunner.gnm1.Arahy.04g01974	AMB_0013109,NYM_0039904	CER_0005637,GIN_0020940	BRA_0056533,ORY_0023195	BRA_0029697,ORY_0005236			
OG0000629_253	CHL_0018125,CER_0041443,AMB_0009937,CIN_0027098,LIR_0018396,CUC_0018743,AQU_0029462,ARA_0000740,VIT_0003816,PRU_0027988,CEC_0006191,PHA_0025988,GLY_0070991,MED_0036206,LOC107647031,arharahy.Tifrunner.gnm1.Arahy.16g02177,POP_0047556,ACT_0000331,COF_0015232,SOL_0017211,HEL_0003890,ASP_0018184,ORY_0024258,BRA_0045448,NYM_0038056,GIN_0019552,MAR_0008862	COF_0011421,ACT_0017530,VIT_0029570,SOL_0032465,PRU_0034162,ARA_0015700,CUC_0027723,CEC_0031295,GLY_0022230,PHA_0001104,MED_0037811,LOC107618360,ardaradu.V14167.gnm1.Aradu.A09g00591,arharahy.Tifrunner.gnm1.Arahy.09g00611	ARA_0025363,HEL_0032394,CEC_0029730,PHA_0026700,GLY_0059346,LOC107605494,arharahy.Tifrunner.gnm1.Arahy.16g03794,ASP_0008456,MED_0000489,POP_0005077	ACT_0008049,POP_0007535,DUN_0009265,VIT_0028197,MIM_0001650,COF_0020233,CUC_0022886,HEL_0013690	GLY_0035575,PHA_0024998,MED_0002756,LOC107628609,ardaradu.V14167.gnm1.Aradu.A02g03006,arharahy.Tifrunner.gnm1.Arahy.12g03356	GLY_0053850,PHA_0011071,MED_0010686,LOC107614361,arharahy.Tifrunner.gnm1.Arahy.18g00245	CEC_0030617,LOC107619609,arharahy.Tifrunner.gnm1.Arahy.19g00794,MED_0026925	ASP_0018715,ORY_0013425,BRA_0032676	BRA_0028228,ORY_0005275	ardaradu.V14167.gnm1.Aradu.A06g02019,arharahy.Tifrunner.gnm1.Arahy.06g01993	CUC_0030054,HEL_0008141	ardaradu.V14167.gnm1.Aradu.A06g03409,arharahy.Tifrunner.gnm1.Arahy.06g03112	ardaradu.V14167.gnm1.Aradu.A09g00668,arharahy.Tifrunner.gnm1.Arahy.09g00681	ardaradu.V14167.gnm1.Aradu.A08g01173,arharahy.Tifrunner.gnm1.Arahy.08g01196	LOC107606310,arharahy.Tifrunner.gnm1.Arahy.17g03513	ardaradu.V14167.gnm1.Aradu.A08g01002,arharahy.Tifrunner.gnm1.Arahy.08g01009	LOC107605492,arharahy.Tifrunner.gnm1.Arahy.16g03791	ardaradu.V14167.gnm1.Aradu.A06g03407,arharahy.Tifrunner.gnm1.Arahy.06g03109	PHA_0029094,GLY_0051843	GLY_0062951,PHA_0025640	BRA_0030563,ORY_0025712	ORY_0007525,BRA_0024912	BRA_0026471,ORY_0007609	BRA_0005690,ORY_0020018	COF_0015233,MIM_0021590
OG0000630_253	CHL_0008557,DUN_0004957,CER_0003276,MAR_0021662,GIN_0010866,BRA_0034611,ORY_0033786,ASP_0001531,NYM_0026841,LIR_0007521,CIN_0003084,CEC_0011103,PHA_0006280,GLY_0060194,MED_0022897,LOC107609322,arharahy.Tifrunner.gnm1.Arahy.17g01500,POP_0035739,CUC_0020761,PRU_0046012,AMB_0021627,MIM_0007066,HEL_0001398,ARA_0005028,VIT_0031814	ACT_0028888,HEL_0015649,SOL_0015887,VIT_0017063,POP_0001526,CUC_0007575,AMB_0019217,CIN_0020976,LIR_0020124,NYM_0037543,AQU_0036590,PRU_0010526,CEC_0027842,PHA_0034388,GLY_0024660,MED_0021263,LOC107626264,arharahy.Tifrunner.gnm1.Arahy.12g03210,ARA_0007631,ASP_0009758,BRA_0001838,ORY_0019897	COF_0002484,HEL_0015384,MIM_0025289,SOL_0011126,ACT_0029166,ARA_0013438,CUC_0026445,PHA_0006531,GLY_0011317,MED_0016695,LOC107610131,arharahy.Tifrunner.gnm1.Arahy.17g02662,CEC_0023370,POP_0000258,PRU_0044245,VIT_0009728,AQU_0007384,CIN_0021277,LIR_0022753,AMB_0011880	ASP_0011783,BRA_0016578,ORY_0017534,VIT_0007626,CUC_0008176,ARA_0021633,POP_0051064,HEL_0042295,ACT_0013920,SOL_0031282,MIM_0012390,COF_0013186,GIN_0003936,LIR_0023999,NYM_0015920	CEC_0007782,GLY_0032494,PHA_0020503,MED_0030364,ardaradu.V14167.gnm1.Aradu.A09g02781,LOC107616090,arharahy.Tifrunner.gnm1.Arahy.19g04046,COF_0005834,PRU_0001592	ACT_0026979,COF_0007638,MIM_0003992,SOL_0025516,HEL_0001361,POP_0025872	CEC_0007783,GLY_0032492,PHA_0020969,LOC107634525,arharahy.Tifrunner.gnm1.Arahy.13g03005,MED_0030376	PHA_0027830,GLY_0069111,MED_0035570,LOC107645353,arharahy.Tifrunner.gnm1.Arahy.16g00292	GLY_0054935,LOC107637528,arharahy.Tifrunner.gnm1.Arahy.14g00514,ardaradu.V14167.gnm1.Aradu.A04g00360,PHA_0029287	COF_0009911,SOL_0024306,ARA_0012960,ACT_0003413	MED_0006476,GLY_0048829,PHA_0030796	ardaradu.V14167.gnm1.Aradu.A07g01339,arharahy.Tifrunner.gnm1.Arahy.07g01299	GIN_0022975,MAR_0012015	ardaradu.V14167.gnm1.Aradu.A03g03588,arharahy.Tifrunner.gnm1.Arahy.03g03565	ardaradu.V14167.gnm1.Aradu.A08g00045,arharahy.Tifrunner.gnm1.Arahy.08g00044	CIN_0006889,LIR_0006404	ardaradu.V14167.gnm1.Aradu.A07g02642,arharahy.Tifrunner.gnm1.Arahy.07g02419	LOC107642231,arharahy.Tifrunner.gnm1.Arahy.15g03956	ardaradu.V14167.gnm1.Aradu.A05g03675,arharahy.Tifrunner.gnm1.Arahy.05g03557	ardaradu.V14167.gnm1.Aradu.A06g01167,arharahy.Tifrunner.gnm1.Arahy.06g01234	AQU_0033152,HEL_0001251	LOC107637622,arharahy.Tifrunner.gnm1.Arahy.11g02743	ardaradu.V14167.gnm1.Aradu.A01g02915,arharahy.Tifrunner.gnm1.Arahy.01g02850		
OG0000631_253	MAR_0000184,CER_0073004,GIN_0016554,AMB_0000091,AQU_0032195,POP_0041975,PRU_0010739,CUC_0007200,ACT_0024353,CEC_0009246,GLY_0016873,MED_0041578,LOC107630983,arharahy.Tifrunner.gnm1.Arahy.13g03512,ardaradu.V14167.gnm1.Aradu.A03g03319,ARA_0015767,VIT_0028016,CIN_0004674,CHL_0015283	SOL_0024131,CUC_0016444,PRU_0023739,POP_0006015,CEC_0012368,GLY_0020616,PHA_0006796,LOC107622644,arharahy.Tifrunner.gnm1.Arahy.20g02825,MED_0008830,ACT_0025426,ARA_0018284,COF_0022637,HEL_0051457,MIM_0010096,ORY_0017391,BRA_0006334,LIR_0022053,CIN_0010569,AQU_0039911,ASP_0004545,NYM_0021587,AMB_0011145,GIN_0025934	AMB_0007482,ORY_0033363,HEL_0009443,ACT_0014040,ASP_0015584,NYM_0008933,CIN_0020578,LIR_0042685,ARA_0002187,CEC_0027615,PHA_0029311,GLY_0048612,MED_0006697,ardaradu.V14167.gnm1.Aradu.A01g03406,LOC107633879,arharahy.Tifrunner.gnm1.Arahy.11g02150,PRU_0021059,CUC_0002436,VIT_0020408,POP_0019428,COF_0006970,MIM_0029708,SOL_0028959,AQU_0028746	CIN_0016464,LIR_0029148,VIT_0011442,ACT_0036379,HEL_0051065,SOL_0011030,COF_0024630,MIM_0023767	ACT_0010951,ASP_0024804,MIM_0031382,BRA_0049102,ORY_0003186	PHA_0008461,GLY_0019897,MED_0015548	CER_0001303,DUN_0004144	ardaradu.V14167.gnm1.Aradu.A10g02624,arharahy.Tifrunner.gnm1.Arahy.10g02367	VIT_0005824,ACT_0023292	ACT_0023900,NYM_0029664	LOC107622775,arharahy.Tifrunner.gnm1.Arahy.20g02315	ardaradu.V14167.gnm1.Aradu.A10g02107,arharahy.Tifrunner.gnm1.Arahy.10g01949													
OG0000633_253	CHL_0017552,DUN_0002869,ACT_0008296,MIM_0026843,SOL_0024697,COF_0009281,HEL_0025668,CUC_0020742,ARA_0026551,CEC_0028221,PHA_0029724,GLY_0031131,MED_0007488,LOC107638776,arharahy.Tifrunner.gnm1.Arahy.14g00806,ardaradu.V14167.gnm1.Aradu.A04g00659,POP_0025944,PRU_0043945,VIT_0013333,AQU_0010430,ASP_0019659,BRA_0027943,ORY_0007198,LIR_0014636,CIN_0013617,AMB_0001043,NYM_0013227,GIN_0012213,MAR_0000596	NYM_0011659,AQU_0016789,CEC_0030996,PHA_0001065,GLY_0023090,MED_0038362,arharahy.Tifrunner.gnm1.Arahy.02g00169,ardaradu.V14167.gnm1.Aradu.A02g00150,CUC_0014137,PRU_0005183,POP_0000333,VIT_0012636,ARA_0013546,MIM_0027690,COF_0009443,HEL_0012047,SOL_0025426,ACT_0007358,AMB_0016294,ORY_0007715,BRA_0026120,LIR_0005072,CIN_0013100	AQU_0032496,ACT_0037173,PRU_0022911,ARA_0022309,CEC_0012665,GLY_0061079,PHA_0004364,MED_0022167,LOC107609299,arharahy.Tifrunner.gnm1.Arahy.17g01170,POP_0020505,CUC_0026829,VIT_0005618,CIN_0015048,LIR_0002512,ASP_0019478,AMB_0017113,GIN_0003674	VIT_0007855,ACT_0014742,CUC_0008156,ARA_0025040,PHA_0025398,GLY_0037755,MED_0005075,CEC_0007757,PRU_0004465,POP_0033830,HEL_0027378,MIM_0011450,SOL_0032059	CEC_0007756,GLY_0037757,PHA_0023362,ardaradu.V14167.gnm1.Aradu.A07g01421,SOL_0023699,POP_0033010,PRU_0003588	ACT_0013958,COF_0012406,MIM_0009507,SOL_0031291,HEL_0015962	HEL_0014416,MIM_0011617,SOL_0021705,VIT_0007252	ACT_0027371,COF_0009442,SOL_0026199,MIM_0005833	PHA_0019435,GLY_0066313,ardaradu.V14167.gnm1.Aradu.A04g02967,arharahy.Tifrunner.gnm1.Arahy.04g02686	ASP_0010685,CIN_0006824	CIN_0005923,LIR_0045675	LOC107628103,arharahy.Tifrunner.gnm1.Arahy.12g00173	ardaradu.V14167.gnm1.Aradu.A07g01009,arharahy.Tifrunner.gnm1.Arahy.07g00989	LOC107635065,arharahy.Tifrunner.gnm1.Arahy.14g02955	MAR_0020527,CER_0074765	CIN_0012908,LIR_0014441	CIN_0023138,LIR_0014562								
OG0000637_252	DUN_0006416,CHL_0007206,GIN_0018851,NYM_0038852,CIN_0002375,LIR_0027078,ASP_0022615,ORY_0021138,BRA_0011320,AQU_0026516,VIT_0023226,ARA_0016508,POP_0019094,PHA_0012170,GLY_0012372,MED_0011352,CUC_0001867,PRU_0011811,COF_0014531,MIM_0029935,SOL_0001781,HEL_0049707,ACT_0027552	HEL_0049041,MIM_0005583,ACT_0032877,COF_0002945,SOL_0011652,PRU_0043431,ARA_0011556,CEC_0024265,PHA_0009271,GLY_0012293,LOC107606131,arharahy.Tifrunner.gnm1.Arahy.17g03269,MED_0014122,POP_0041409,CUC_0012859,VIT_0010756,AQU_0007321,ASP_0013821,BRA_0051199,ORY_0003277,CIN_0022767	ACT_0012224,HEL_0007799,COF_0010675,MIM_0006076,SOL_0009220,CEC_0009599,PHA_0016566,GLY_0066921,MED_0032573,ardaradu.V14167.gnm1.Aradu.A06g03030,LOC110271140,arharahy.Tifrunner.gnm1.Arahy.14g02104,POP_0016906,CUC_0006390,PRU_0040580,VIT_0031045,AQU_0033251,LIR_0033578,NYM_0016622	CEC_0028231,PHA_0030906,GLY_0055143,MED_0007457,LOC107638763,arharahy.Tifrunner.gnm1.Arahy.14g00792,POP_0004929,MIM_0028163,VIT_0018118	ASP_0002982,NYM_0023495,ardaradu.V14167.gnm1.Aradu.A06g01558,LOC107631102,arharahy.Tifrunner.gnm1.Arahy.20g02804	ORY_0020395,BRA_0015812,LIR_0013902,CIN_0004161	ASP_0018289,ORY_0029042,POP_0000113,BRA_0007623	MAR_0013706,CER_0053753,GIN_0022966	LOC107635616,arharahy.Tifrunner.gnm1.Arahy.14g03686,ardaradu.V14167.gnm1.Aradu.A04g03643	BRA_0056664,ORY_0003348	ardaradu.V14167.gnm1.Aradu.A08g00765,arharahy.Tifrunner.gnm1.Arahy.08g00778	AMB_0010342,LIR_0024428	GLY_0031345,PHA_0031778	ardaradu.V14167.gnm1.Aradu.A04g00646,arharahy.Tifrunner.gnm1.Arahy.04g00679	GLY_0025747,PHA_0004586										
OG0000648_249	CHL_0016615,DUN_0016218,MAR_0007008,ARA_0009666,CEC_0007339,GLY_0023519,PHA_0021671,MED_0031448,LOC107644247,ardaradu.V14167.gnm1.Aradu.A05g02942,arharahy.Tifrunner.gnm1.Arahy.05g02793,PRU_0022401,CUC_0009699,POP_0013497,VIT_0006238,COF_0011914,HEL_0044465,AQU_0039858,ASP_0021456,ORY_0029135,BRA_0052948,CIN_0017357,LIR_0013957,AMB_0019306,NYM_0028819,CER_0048926	COF_0011485,MIM_0006681,SOL_0023409,HEL_0028508,ACT_0037052,CEC_0031413,PHA_0001031,GLY_0022322,MED_0037653,LOC107617331,ardaradu.V14167.gnm1.Aradu.A09g00370,arharahy.Tifrunner.gnm1.Arahy.09g00376,CUC_0027798,PRU_0036514,VIT_0029131,AQU_0021221,CIN_0026517,LIR_0041790	HEL_0039525,SOL_0019738,ACT_0030136,CEC_0024070,GLY_0018985,PHA_0009635,MED_0016603,LOC107606280,arharahy.Tifrunner.gnm1.Arahy.08g00966,POP_0007368,PRU_0043681,CUC_0013500,ARA_0001360	GIN_0004852,CEC_0011533,LOC107638965,arharahy.Tifrunner.gnm1.Arahy.14g01087,ardaradu.V14167.gnm1.Aradu.A04g00933,PHA_0030089,VIT_0030763,POP_0044431,ARA_0019652,COF_0009662,SOL_0026783,HEL_0020326,ACT_0036544	ASP_0001023,BRA_0005508,ORY_0018822,LIR_0000004,CIN_0010612,ARA_0024885	COF_0004786,SOL_0004285,MIM_0014640,ACT_0037935,CEC_0008797,VIT_0004599	MED_0042374,PHA_0034055,GLY_0026521,LOC107631779,arharahy.Tifrunner.gnm1.Arahy.13g04389	ORY_0005668,BRA_0028890	ORY_0028019,BRA_0000197	BRA_0052599,ORY_0021889	ardaradu.V14167.gnm1.Aradu.A08g00963,arharahy.Tifrunner.gnm1.Arahy.17g03473	AMB_0009695,NYM_0005706	ardaradu.V14167.gnm1.Aradu.A03g01003,arharahy.Tifrunner.gnm1.Arahy.03g01143	BRA_0014884,ORY_0011580	GIN_0010033,SOL_0022267	ardaradu.V14167.gnm1.Aradu.A03g04306,arharahy.Tifrunner.gnm1.Arahy.03g04291									
OG0000651_249	CHL_0014446,DUN_0004217,MAR_0022041,GIN_0023529,AMB_0000453,NYM_0003286,AQU_0004921,CEC_0022621,GLY_0049679,PHA_0010970,MED_0009804,ardaradu.V14167.gnm1.Aradu.A08g01542,arharahy.Tifrunner.gnm1.Arahy.18g00660,VIT_0025336,PRU_0013178,SOL_0029624,ASP_0013598,ORY_0003161,BRA_0034384,CIN_0027468,LIR_0007640,CER_0019647	ASP_0003020,ORY_0036138,BRA_0035707,LIR_0040970,AQU_0017367,CIN_0020810,ARA_0018432,CEC_0031423,PHA_0000083,GLY_0028633,LOC107614810,arharahy.Tifrunner.gnm1.Arahy.19g00453,ardaradu.V14167.gnm1.Aradu.A09g00358,CUC_0021647,PRU_0032393,POP_0029856,COF_0011493,HEL_0014628,MIM_0010613,VIT_0029882,NYM_0001731,AMB_0009764	HEL_0045790,AQU_0016308,SOL_0031656,ARA_0009647,CUC_0006633,PRU_0034853,CEC_0031587,GLY_0053621,MED_0010954,PHA_0012011,LOC107616883,ardaradu.V14167.gnm1.Aradu.A02g00101,arharahy.Tifrunner.gnm1.Arahy.02g00109,POP_0022892,VIT_0029799,COF_0011673,MIM_0010160,ACT_0016521,CIN_0010654,LIR_0044319,NYM_0002989,AMB_0009250	NYM_0040321,AMB_0019190,ACT_0033681,COF_0001994,MIM_0003128,SOL_0022913,HEL_0044731,ARA_0006312,POP_0008442,CEC_0005546,PHA_0023473,GLY_0034878,MED_0004471,LOC107627923,arharahy.Tifrunner.gnm1.Arahy.12g02967,PRU_0007954,VIT_0021388,AQU_0031941,CIN_0008919,LIR_0007251	AQU_0001667,ASP_0008977,CEC_0005006,MED_0036808,LOC107648004,ardaradu.V14167.gnm1.Aradu.A06g00411,arharahy.Tifrunner.gnm1.Arahy.06g00438,GLY_0070261,POP_0043155,COF_0008846,PRU_0015329,VIT_0000788,SOL_0025630,ACT_0004640,CUC_0013865	COF_0009867,SOL_0027653,MIM_0022834,VIT_0030643,ACT_0005877,ARA_0016614,CUC_0028035,CEC_0011169,PHA_0029402,GLY_0048261,LOC107638536,ardaradu.V14167.gnm1.Aradu.A04g00313,arharahy.Tifrunner.gnm1.Arahy.04g00342,MED_0007067,POP_0046533	ACT_0016263,COF_0020148,MIM_0018495,SOL_0006136,HEL_0007139,CUC_0013505,PRU_0038805,POP_0006957,GLY_0018978,PHA_0008125,ardaradu.V14167.gnm1.Aradu.A08g00970,arharahy.Tifrunner.gnm1.Arahy.08g00976,VIT_0027326	GLY_0050218,PHA_0011090,MED_0010774	LOC107617208,ardaradu.V14167.gnm1.Aradu.A07g02412,arharahy.Tifrunner.gnm1.Arahy.18g00063	MIM_0013031,POP_0036644,VIT_0019374	BRA_0021956,ORY_0026033	BRA_0040345,ORY_0033965	BRA_0033476,ORY_0012981	ardaradu.V14167.gnm1.Aradu.A02g02770,arharahy.Tifrunner.gnm1.Arahy.02g02651	PHA_0022139,GLY_0073679	CUC_0019792,PRU_0038407	GLY_0025499,PHA_0003074	GLY_0022553,PHA_0000957							
OG0000652_249	CHL_0014142,DUN_0001482,MAR_0007534,CER_0023690,GIN_0025780,NYM_0043204,AMB_0013481,ACT_0036067,VIT_0024116,POP_0026327,PRU_0012477,LOC107613469,ardaradu.V14167.gnm1.Aradu.A08g01354,GLY_0040506,PHA_0013567,MED_0019553,arharahy.Tifrunner.gnm1.Arahy.09g01987,SOL_0005322,ARA_0024299,HEL_0044718,COF_0001258,AQU_0026295,ASP_0009168,ORY_0019841,BRA_0001130,LIR_0029720	CER_0045544,ASP_0008044,ARA_0019569,POP_0005448,CEC_0005884,MED_0003107,LOC107648706,ardaradu.V14167.gnm1.Aradu.A06g01489,GLY_0047195,PHA_0036995,PRU_0013122,CUC_0023575,VIT_0003295,COF_0014939,MIM_0021935,SOL_0008227,ACT_0030351,BRA_0007440,ORY_0018443,LIR_0028211,AMB_0014536,NYM_0042265	NYM_0043930,LIR_0000726,CIN_0003013,AQU_0029939,CUC_0006747,ARA_0001288,CEC_0005442,PHA_0025484,GLY_0034813,LOC107626160,arharahy.Tifrunner.gnm1.Arahy.12g03072,MED_0004405,HEL_0035564,POP_0015739,PRU_0006945,ACT_0013805	CEC_0011273,PHA_0002599,GLY_0025418,LOC107637642,arharahy.Tifrunner.gnm1.Arahy.14g01243,ardaradu.V14167.gnm1.Aradu.A04g01107,MED_0023037,HEL_0034484,PRU_0045920,VIT_0031730	ACT_0025385,COF_0006412,HEL_0050090,SOL_0010831,MIM_0020536,CUC_0000387,POP_0035901,PRU_0004027,VIT_0019948	CEC_0022880,GLY_0040501,PHA_0015391,LOC107629120,MED_0010459	AQU_0005151,COF_0009776,MIM_0022838,SOL_0030680	COF_0002083,SOL_0009054,MIM_0006669	CEC_0009570,PHA_0036958,GLY_0054083	BRA_0041141,ORY_0035869	BRA_0031905,ORY_0012226	ardaradu.V14167.gnm1.Aradu.A02g02839,arharahy.Tifrunner.gnm1.Arahy.02g02740	PHA_0027628,GLY_0010132	MAR_0002639,CER_0036810	GIN_0022163,HEL_0025917	AQU_0023818,ASP_0017887	BRA_0042934,ORY_0015372	COF_0009777,HEL_0026124	LOC107625212,arharahy.Tifrunner.gnm1.Arahy.12g01454	ardaradu.V14167.gnm1.Aradu.A02g01253,arharahy.Tifrunner.gnm1.Arahy.02g01259	CIN_0002746,LIR_0006891				
OG0000657_248	CHL_0012304,DUN_0010339,MAR_0012427,CER_0039440,GIN_0009288,AMB_0003052,NYM_0014934,AQU_0028228,ACT_0028526,COF_0000785,MIM_0007882,SOL_0024058,HEL_0033811,ARA_0027110,POP_0031343,CEC_0022511,PHA_0010639,GLY_0044785,MED_0009898,LOC107613170,arharahy.Tifrunner.gnm1.Arahy.18g00763,CUC_0005464,PRU_0015207,VIT_0025358,ASP_0002652,BRA_0006955,ORY_0025681	COF_0020854,SOL_0020620,MIM_0000848,HEL_0036721,ACT_0034931,ARA_0005217,CUC_0015983,CEC_0017416,PHA_0021888,GLY_0073473,MED_0003770,LOC107618026,arharahy.Tifrunner.gnm1.Arahy.19g02140,ardaradu.V14167.gnm1.Aradu.A09g01986,POP_0018561,PRU_0024458,VIT_0015389,GIN_0001488,AQU_0015671,ORY_0000149,BRA_0044081,ASP_0026387,CIN_0001117,LIR_0005180,AMB_0016667,NYM_0033780	GIN_0027222,AMB_0017444,ASP_0018539,ORY_0038478,BRA_0021903,CIN_0000187,LIR_0033300,VIT_0016825,ARA_0004297,POP_0047168,CEC_0006595,GLY_0008907,PHA_0026646,MED_0035177,LOC107604659,arharahy.Tifrunner.gnm1.Arahy.16g02278,PRU_0029285,CUC_0017061,COF_0001577,SOL_0008484,MIM_0005327,ACT_0003600,HEL_0031325,AQU_0011390,NYM_0014059	ACT_0036771,COF_0015305,MIM_0021952,HEL_0044634,PHA_0027129,GLY_0009988,MED_0036307,LOC107623190,arharahy.Tifrunner.gnm1.Arahy.20g03142,CEC_0006276,CUC_0018832,PRU_0030178,POP_0004825,VIT_0002881	ardaradu.V14167.gnm1.Aradu.A08g01623,arharahy.Tifrunner.gnm1.Arahy.08g01658	HEL_0019109,GIN_0008555	ardaradu.V14167.gnm1.Aradu.A06g02120,arharahy.Tifrunner.gnm1.Arahy.06g02062	LIR_0006227,HEL_0050254	CIN_0014259,LIR_0047162	ardaradu.V14167.gnm1.Aradu.A10g02934,arharahy.Tifrunner.gnm1.Arahy.10g02692	ORY_0031085,BRA_0020954	LOC107630000,arharahy.Tifrunner.gnm1.Arahy.13g01570	ardaradu.V14167.gnm1.Aradu.A03g01157,arharahy.Tifrunner.gnm1.Arahy.03g01282												
OG0000658_248	CHL_0008883,DUN_0001620,MAR_0017167,CER_0040993,AMB_0014969,ARA_0022077,ASP_0011278,MIM_0013559,HEL_0038183,COF_0005675,SOL_0023382,CEC_0024626,GLY_0013868,PHA_0006652,MED_0015377,LOC107623443,ardaradu.V14167.gnm1.Aradu.A10g01839,arharahy.Tifrunner.gnm1.Arahy.10g01738,POP_0013824,PRU_0002270,VIT_0007937,AQU_0030070,CIN_0001922,LIR_0045774,NYM_0034032,GIN_0018368	ARA_0010850,SOL_0018402,COF_0003401,MIM_0003862,ACT_0022493,CEC_0024379,PHA_0006938,GLY_0014182,MED_0015041,LOC107606039,arharahy.Tifrunner.gnm1.Arahy.17g03147,CUC_0015729,HEL_0015635,PRU_0046873,VIT_0010012,POP_0042701,AQU_0007559,CIN_0004726,LIR_0029157,ASP_0013874,AMB_0005908,NYM_0020489,GIN_0018972	CIN_0021281,AQU_0020829,VIT_0029666,CEC_0031389,GLY_0022301,PHA_0000417,MED_0037713,ardaradu.V14167.gnm1.Aradu.A09g00439,arharahy.Tifrunner.gnm1.Arahy.09g00446,ARA_0008965,PRU_0035180,POP_0022705,CUC_0026311,ACT_0005135,COF_0011465,SOL_0031823,MIM_0010849,HEL_0001581	ACT_0006597,VIT_0004630,CEC_0015945,PHA_0003096,GLY_0065046,MED_0040348,LOC107631435,arharahy.Tifrunner.gnm1.Arahy.13g04174,ardaradu.V14167.gnm1.Aradu.A03g04094,PRU_0042909,CUC_0022340,POP_0037313,AQU_0037227,COF_0005270,SOL_0004302,HEL_0022820	AQU_0025613,COF_0015254,MIM_0021628,SOL_0028156,POP_0047035,CUC_0018764,PRU_0027364,VIT_0003356,CIN_0024675,LIR_0018865,ASP_0013133,BRA_0005583,ORY_0009958,AMB_0000456,NYM_0031829	ACT_0033809,COF_0015714,SOL_0028526,MIM_0016697,ARA_0024649,VIT_0026712,CUC_0022537,PRU_0031005	PHA_0010873,GLY_0050181,MED_0010741,LOC107612802,arharahy.Tifrunner.gnm1.Arahy.18g00210,ardaradu.V14167.gnm1.Aradu.A07g01963	ARA_0019146,POP_0006316,CUC_0005163,PRU_0028827,ACT_0037589,VIT_0003601	BRA_0030535,ORY_0007166,ASP_0013413	CHL_0019117,DUN_0003162	BRA_0007408,ORY_0030031	BRA_0035334,ORY_0012387	AMB_0009662,NYM_0002101	ORY_0012086,BRA_0033206	CIN_0010419,LIR_0041250	PHA_0001392,GLY_0028579	LOC107617300,arharahy.Tifrunner.gnm1.Arahy.19g00543	ardaradu.V14167.gnm1.Aradu.A09g00434,arharahy.Tifrunner.gnm1.Arahy.09g00444	LOC107617295,arharahy.Tifrunner.gnm1.Arahy.19g00547	ardaradu.V14167.gnm1.Aradu.A09g00440,arharahy.Tifrunner.gnm1.Arahy.09g00448	LOC107617297,arharahy.Tifrunner.gnm1.Arahy.19g00546	ardaradu.V14167.gnm1.Aradu.A08g00663,arharahy.Tifrunner.gnm1.Arahy.08g00658	BRA_0015300,ORY_0009678	BRA_0006775,ORY_0016958	
OG0000665_247	MAR_0024558,AMB_0004131,CIN_0003305,LIR_0000936,AQU_0014718,CUC_0002392,MED_0006634,GLY_0054525,PHA_0031416,LOC107623790,arharahy.Tifrunner.gnm1.Arahy.20g00526,PRU_0017413,POP_0018241,VIT_0017560,COF_0006915,MIM_0028115,SOL_0015392,HEL_0030229,ACT_0017640,ASP_0026832,BRA_0029360,ORY_0008346,NYM_0006960,CHL_0004706,DUN_0000145	HEL_0001075,MIM_0022987,COF_0002728,SOL_0024925,ACT_0026969,AQU_0000415,PRU_0039539,VIT_0030708,POP_0044946,CEC_0011075,GLY_0060181,PHA_0004974,MED_0022878,LOC107637527,arharahy.Tifrunner.gnm1.Arahy.11g02731,CUC_0029331,ARA_0025320,ASP_0004378,BRA_0017701,ORY_0031143,LIR_0000123,CIN_0002650,NYM_0027824,AMB_0020628,GIN_0008674	ARA_0023403,POP_0035118,CEC_0010939,PHA_0022496,GLY_0037911,ardaradu.V14167.gnm1.Aradu.A10g02401,arharahy.Tifrunner.gnm1.Arahy.10g02178,MED_0005261,CUC_0019925,MIM_0023658,PRU_0036626,COF_0010038,SOL_0007994,ACT_0024186,HEL_0014648,VIT_0030249,AQU_0005759,ASP_0010271,BRA_0001082,ORY_0016885,CIN_0014058,LIR_0047222,AMB_0002279,NYM_0016723,GIN_0002858	VIT_0023202,ARA_0020403,CUC_0009907,COF_0014197,HEL_0050009,MIM_0030222,SOL_0028921,CEC_0022087,PHA_0010206,GLY_0049200,ardaradu.V14167.gnm1.Aradu.A08g02092,LOC107613682,arharahy.Tifrunner.gnm1.Arahy.18g01417,MED_0009566,PRU_0017224,POP_0019705	AMB_0004389,AQU_0022568,CEC_0027661,PHA_0030190,GLY_0054537,ardaradu.V14167.gnm1.Aradu.A10g00310,arharahy.Tifrunner.gnm1.Arahy.10g00323,HEL_0010238,SOL_0014062,MIM_0029354,VIT_0020167,PRU_0017270,LIR_0000581,GIN_0011893	PHA_0030652,GLY_0048192,LOC107638600,ardaradu.V14167.gnm1.Aradu.A04g00392,arharahy.Tifrunner.gnm1.Arahy.04g00418,MED_0007172	GLY_0024770,LOC107634638,arharahy.Tifrunner.gnm1.Arahy.13g03760,MED_0021102	AMB_0012354,ASP_0023240,CIN_0027704	CHL_0007815,DUN_0002166	LOC107627767,arharahy.Tifrunner.gnm1.Arahy.12g02611	ardaradu.V14167.gnm1.Aradu.A01g02927,arharahy.Tifrunner.gnm1.Arahy.01g02857	GIN_0019738,CER_0049781	BRA_0005599,ORY_0020851	LOC107621489,arharahy.Tifrunner.gnm1.Arahy.20g02850	ardaradu.V14167.gnm1.Aradu.A07g01485,arharahy.Tifrunner.gnm1.Arahy.07g01487	LOC107615793,arharahy.Tifrunner.gnm1.Arahy.16g00847	LOC107617152,arharahy.Tifrunner.gnm1.Arahy.19g03946	ardaradu.V14167.gnm1.Aradu.A09g02897,arharahy.Tifrunner.gnm1.Arahy.09g02693	LOC107615574,arharahy.Tifrunner.gnm1.Arahy.19g02052	LOC107630086,arharahy.Tifrunner.gnm1.Arahy.13g02082	ardaradu.V14167.gnm1.Aradu.A03g01716,arharahy.Tifrunner.gnm1.Arahy.03g01876	ardaradu.V14167.gnm1.Aradu.A03g03703,arharahy.Tifrunner.gnm1.Arahy.03g03681	ardaradu.V14167.gnm1.Adur2305g00002,arharahy.Tifrunner.gnm1.Arahy.10g00336		
OG0000667_246	DUN_0005752,CHL_0007233,NYM_0037599,HEL_0045094,POP_0008978,AQU_0007258,SOL_0010388,CUC_0019050,MED_0029250,ARA_0008320,COF_0017658,MIM_0025047	AQU_0023711,CEC_0030582,PHA_0001227,GLY_0008344,LOC107625651,arharahy.Tifrunner.gnm1.Arahy.12g02265,MED_0017830,PRU_0014490,CUC_0004041,VIT_0003316,ACT_0038291,COF_0014813,HEL_0001058,SOL_0008010,MIM_0021722,BRA_0037737,ORY_0012874,ASP_0003610,CIN_0016417,LIR_0030549,NYM_0002326,AMB_0014418,GIN_0019109,CER_0028690,MAR_0019153	ACT_0017052,AQU_0022537,CUC_0028564,POP_0045040,VIT_0019586,CEC_0024784,MED_0027722,GLY_0051255,PHA_0016859,LOC107609346,arharahy.Tifrunner.gnm1.Arahy.17g01003,MIM_0011960,HEL_0007254,PRU_0001121,CIN_0012776,LIR_0028667,AMB_0014787,NYM_0024202,BRA_0034943,ORY_0034484	ASP_0018778,NYM_0021102,CIN_0005538,LIR_0029672,GLY_0063197,PHA_0027084,CEC_0023435,PRU_0039067,AQU_0035769,MED_0015951,SOL_0010370,HEL_0046284,ACT_0037670,POP_0001955,CUC_0009932	COF_0006313,VIT_0019379,MIM_0011484,ACT_0006197,ARA_0020689,SOL_0004363,HEL_0028543,POP_0037655,CEC_0024854,ardaradu.V14167.gnm1.Aradu.A07g00947,LOC107610013,arharahy.Tifrunner.gnm1.Arahy.07g00928,GLY_0006597,PRU_0005749	CEC_0016780,GLY_0002383,PHA_0033972,LOC107642741,ORY_0006015,arharahy.Tifrunner.gnm1.Arahy.05g00674,VIT_0021142,CUC_0004328,PRU_0015978	AMB_0011793,POP_0040489,CIN_0027348,LIR_0020955,ACT_0023010,MIM_0007588,VIT_0009186,CEC_0028597,PRU_0008192	CEC_0023507,LOC107605626,PHA_0028574,GLY_0051697,POP_0000160,PRU_0043188,VIT_0010784,CUC_0030176	PHA_0008237,GLY_0018278,LOC107610198,ardaradu.V14167.gnm1.Aradu.A08g00384	ACT_0005654,COF_0002585,MIM_0024837,VIT_0011474	MAR_0008490,CER_0070743,GIN_0012960	PHA_0002408,GLY_0015652,LOC107627209	ardaradu.V14167.gnm1.Aradu.A02g02121,arharahy.Tifrunner.gnm1.Arahy.02g02020	BRA_0016002,ORY_0017470	BRA_0053126,ORY_0004286	ardaradu.V14167.gnm1.Aradu.A07g00825,arharahy.Tifrunner.gnm1.Arahy.07g00801	BRA_0048440,ORY_0022874	BRA_0019384,ORY_0026512	BRA_0003501,ORY_0027653	LOC107616177,ardaradu.V14167.gnm1.Aradu.A02g00439	GLY_0011454,PHA_0007598	ACT_0009925,GIN_0010416	HEL_0012014,ACT_0022967		
OG0000669_246	DUN_0010966,CHL_0005560,BRA_0002629,ORY_0019958,NYM_0016895,CUC_0021524,POP_0035571,PHA_0023774,GLY_0037495,MED_0025983,arharahy.Tifrunner.gnm1.Arahy.19g03087,LOC107617327,VIT_0018002,MAR_0015986	ACT_0022104,CIN_0023377,MIM_0006612,HEL_0008470,COF_0001151,ASP_0002721,PRU_0015711	CEC_0022800,HEL_0013479,LOC107628736,arharahy.Tifrunner.gnm1.Arahy.13g01085	CER_0008223,GIN_0019319,AMB_0017605,AQU_0033647	AQU_0010103,ASP_0002965,CIN_0012803,LIR_0011363	CEC_0021359,GLY_0015838,MED_0029522,PHA_0019821	CUC_0004361,HEL_0031497,POP_0047319	AQU_0004628,CIN_0003513,LIR_0031313	CUC_0003129,MIM_0004073,VIT_0002475	PRU_0041749,CUC_0016007,ACT_0010739	PRU_0001633,VIT_0019084	ardaradu.V14167.gnm1.Aradu.A09g03592,arharahy.Tifrunner.gnm1.Arahy.09g03482	ardaradu.V14167.gnm1.Aradu.A08g01418,arharahy.Tifrunner.gnm1.Arahy.08g01444	HEL_0027199,SOL_0023369	ACT_0017379,ARA_0010651	PHA_0020842,GLY_0015434									
OG0001259_162	CHL_0004292,DUN_0008883,CER_0061482,MAR_0003640,AMB_0008470,NYM_0008025,CIN_0005216,LIR_0043491,AQU_0015004,ARA_0024818,POP_0027697,CEC_0022175,GLY_0049276,PHA_0011971,MED_0009662,LOC107613520,arharahy.Tifrunner.gnm1.Arahy.18g01161,CUC_0020998,PRU_0021149,VIT_0024004,COF_0014279,MIM_0031203,SOL_0000684,HEL_0038919,ACT_0009627,ASP_0024647,ORY_0005612,BRA_0027794,GIN_0002454	CEC_0027816,GLY_0026685,PHA_0035968,LOC107626254,arharahy.Tifrunner.gnm1.Arahy.12g03203,MED_0021233,CUC_0005446,PRU_0019541,ARA_0006934,HEL_0018991,POP_0019512,VIT_0017499	GLY_0044052,PHA_0013280,MED_0020598,LOC107630136,arharahy.Tifrunner.gnm1.Arahy.13g01991	ASP_0008880,BRA_0007969,ORY_0019521	PHA_0031266,GLY_0054391,MED_0006497	ardaradu.V14167.gnm1.Aradu.A08g01946,arharahy.Tifrunner.gnm1.Arahy.08g01962	CER_0015840,GIN_0022128	ardaradu.V14167.gnm1.Aradu.A03g03597,arharahy.Tifrunner.gnm1.Arahy.03g03576	ardaradu.V14167.gnm1.Aradu.A03g01614,arharahy.Tifrunner.gnm1.Arahy.03g01765																
OG0001260_162	CHL_0003136,DUN_0015685,MAR_0012545,CER_0004381,AMB_0019601,NYM_0038572,ASP_0005943,ORY_0021444,BRA_0056391,AQU_0021728,CIN_0010428,LIR_0025713,ARA_0023244,CEC_0012030,PHA_0002987,GLY_0060940,LOC107616854,arharahy.Tifrunner.gnm1.Arahy.19g01998,MED_0023664,CUC_0005923,PRU_0026783,POP_0006902,MIM_0016335,COF_0016131,SOL_0000561,HEL_0001990,ACT_0033455,VIT_0023343,GIN_0026689	ASP_0026548,ORY_0025033,BRA_0053667,NYM_0010786,AMB_0002078,CIN_0013621,LIR_0005197,CUC_0024832,PRU_0024804,ACT_0020751,SOL_0007605,CEC_0016149,LOC107642320,ardaradu.V14167.gnm1.Aradu.A05g00086,arharahy.Tifrunner.gnm1.Arahy.05g00089,GLY_0033424,PHA_0032532,MED_0029563,POP_0028422,GIN_0021797	COF_0019441,HEL_0037056,MIM_0030059,SOL_0015291,ACT_0030038	AQU_0021754,VIT_0022628,LOC107641233	LOC107627297,arharahy.Tifrunner.gnm1.Arahy.12g01651	ardaradu.V14167.gnm1.Aradu.A09g01046,arharahy.Tifrunner.gnm1.Arahy.09g00428	VIT_0014545,ARA_0022530																		
OG0001266_162	CHL_0000558,DUN_0018764,AMB_0007806,ASP_0003916,ORY_0038107,BRA_0056648,CIN_0010758,COF_0009681,MIM_0004901,SOL_0030563,HEL_0045997,ACT_0028826,CER_0058484,VIT_0031422,PRU_0045866,ARA_0016761,CUC_0000954,POP_0036707,CEC_0011495,PHA_0005441,GLY_0060372,MED_0023128,ardaradu.V14167.gnm1.Aradu.A10g00024,arharahy.Tifrunner.gnm1.Arahy.10g00023,NYM_0024099,GIN_0005410	COF_0020570,HEL_0051674,MIM_0019643,SOL_0019946,ACT_0036846,ARA_0007470,POP_0025136,CEC_0017178,GLY_0002705,PHA_0032471,MED_0024404,LOC107604630,arharahy.Tifrunner.gnm1.Arahy.11g00002,PRU_0022560,VIT_0015507,AQU_0018340,ASP_0010816,CIN_0015521,LIR_0005434,AMB_0016466,GIN_0016507,CER_0062262	CIN_0016362,COF_0011879,LOC107644121,arharahy.Tifrunner.gnm1.Arahy.05g02903,HEL_0032824,GIN_0008311	GLY_0031358,PHA_0030302,MED_0007737,LOC107638974,arharahy.Tifrunner.gnm1.Arahy.14g01102	AQU_0004552,HEL_0031267	BRA_0020291,ORY_0030816	ardaradu.V14167.gnm1.Aradu.A01g02750,arharahy.Tifrunner.gnm1.Arahy.01g02670	LOC107639238,arharahy.Tifrunner.gnm1.Arahy.11g02933	LOC107644137,arharahy.Tifrunner.gnm1.Arahy.15g02880	MAR_0004824,ORY_0012115	ardaradu.V14167.gnm1.Aradu.A01g00837,arharahy.Tifrunner.gnm1.Arahy.01g00937	ACT_0004987,CER_0067187	LIR_0007339,CIN_0008506	ardaradu.V14167.gnm1.Aradu.A04g00957,arharahy.Tifrunner.gnm1.Arahy.04g00973											
OG0001267_162	CHL_0014164,DUN_0008660,NYM_0031205,ORY_0003253,BRA_0055324,AMB_0016333,CIN_0001200,LIR_0045284,AQU_0003633,ACT_0009636,CUC_0020683,ARA_0002038,PRU_0004448,POP_0016383,CEC_0031152,GLY_0057384,PHA_0001742,MED_0038131,LOC107624247,ardaradu.V14167.gnm1.Aradu.A02g00372,arharahy.Tifrunner.gnm1.Arahy.02g00403,MIM_0026210,SOL_0009135,COF_0004512,HEL_0021033,VIT_0012626,ASP_0012905,GIN_0000235	ACT_0038919,GLY_0062489,PHA_0028929,MED_0001089,LOC107605190,arharahy.Tifrunner.gnm1.Arahy.16g03283,ARA_0024435,HEL_0000541,MIM_0001959,COF_0020079,SOL_0020770,POP_0038491,PRU_0041218,VIT_0027981,AQU_0018963,CIN_0011033,LIR_0010492,AMB_0009669,NYM_0005192,ASP_0020776,BRA_0002113,ORY_0013757,GIN_0013127	CEC_0031151,PHA_0006749,GLY_0070536,LOC107648068,arharahy.Tifrunner.gnm1.Arahy.16g01384,MED_0024034	AMB_0007945,GIN_0003501,CER_0013544,MAR_0006612	ASP_0004411,LIR_0011418,NYM_0028712,CER_0049493	CHL_0002957,MAR_0024610	BRA_0016358,ORY_0017544	GLY_0070537,PHA_0008392	LOC107605189,arharahy.Tifrunner.gnm1.Arahy.16g03286	ardaradu.V14167.gnm1.Aradu.A06g03091,arharahy.Tifrunner.gnm1.Arahy.16g03452	ardaradu.V14167.gnm1.Aradu.A06g03087,arharahy.Tifrunner.gnm1.Arahy.16g03449	ardaradu.V14167.gnm1.Aradu.A06g00167,arharahy.Tifrunner.gnm1.Arahy.06g00183													
OG0001270_161	CHL_0005946,DUN_0002486,ACT_0039718,HEL_0008504,COF_0006148,MIM_0013280,SOL_0023624,ARA_0017097,POP_0011249,CUC_0025216,CEC_0024702,PHA_0019933,GLY_0046183,LOC107609950,arharahy.Tifrunner.gnm1.Arahy.17g02542,MED_0029094,PRU_0001609,VIT_0019510,AQU_0025314,ASP_0002551,BRA_0011022,ORY_0020744,CIN_0015476,LIR_0010712,AMB_0014091,NYM_0043277,GIN_0019279	ORY_0006146,BRA_0029695,NYM_0032307,AMB_0012136,AQU_0032107,CIN_0010968,LIR_0020829,ARA_0019092,VIT_0008569,CEC_0028599,GLY_0072250,PHA_0022159,MED_0005603,LOC107619387,ardaradu.V14167.gnm1.Aradu.A09g03076,arharahy.Tifrunner.gnm1.Arahy.09g02895,CUC_0019047,COF_0011211,SOL_0024836,MIM_0003472,HEL_0003065,ACT_0004827,POP_0010446,PRU_0006968	COF_0014799,MIM_0019918,SOL_0008615,HEL_0023423,ACT_0006766,ARA_0018513,POP_0048113,CUC_0014799,CEC_0030599,PHA_0001206,GLY_0008383,MED_0017642,LOC107628457,arharahy.Tifrunner.gnm1.Arahy.12g02306,PRU_0011607,VIT_0002793,AQU_0026924,LIR_0027370,CIN_0026388,NYM_0002092,AMB_0014235,ORY_0005533,GIN_0002690	ACT_0019684,COF_0010418,MIM_0031327,SOL_0015097,CEC_0016684,GLY_0039459,PHA_0034515,MED_0024912,LOC107642802,arharahy.Tifrunner.gnm1.Arahy.15g00767,ardaradu.V14167.gnm1.Aradu.A05g00741,PRU_0027228,ARA_0000499,AQU_0008121,POP_0003727,HEL_0025925,VIT_0016773,LIR_0022139,NYM_0037876,AMB_0013023,CER_0018618,MAR_0023051	ardaradu.V14167.gnm1.Aradu.A08g00153,arharahy.Tifrunner.gnm1.Arahy.08g00154	ardaradu.V14167.gnm1.Aradu.A10g02766,arharahy.Tifrunner.gnm1.Arahy.10g02522	ardaradu.V14167.gnm1.Aradu.A02g02167,arharahy.Tifrunner.gnm1.Arahy.02g02060																		
OG0001272_161	CHL_0008396,DUN_0004410,CER_0056708,ASP_0026554,BRA_0044694,ORY_0001597,CIN_0002847,LIR_0020365,AQU_0040404,ACT_0021747,MIM_0024125,COF_0022102,SOL_0010268,HEL_0007541,VIT_0010276,CUC_0026402,POP_0002195,PHA_0029068,GLY_0063227,LOC107648584,ardaradu.V14167.gnm1.Aradu.A06g03665,arharahy.Tifrunner.gnm1.Arahy.06g03415,MED_0000825,ARA_0022897,PRU_0045872,AMB_0001895,NYM_0037089,GIN_0026517	AQU_0000498,ARA_0009273,CUC_0009293,CEC_0025063,GLY_0006399,PHA_0015586,MED_0027402,LOC107608332,arharahy.Tifrunner.gnm1.Arahy.17g01390,POP_0049019,PRU_0010628,VIT_0025022,ACT_0023862,COF_0001562,SOL_0022838,MIM_0003193,ASP_0017549,HEL_0031602,AMB_0013935,NYM_0023777,CIN_0012921,LIR_0009201,BRA_0024826,ORY_0036992,GIN_0020804,MAR_0002085	ARA_0005447,CEC_0016636,MED_0024976,GLY_0002239,LOC107642841,arharahy.Tifrunner.gnm1.Arahy.15g00837,CUC_0019391,PRU_0030513,COF_0017527,SOL_0032116,HEL_0025406,MIM_0032549,ACT_0000118	PHA_0005516,GLY_0003931,MED_0040538	BRA_0013939,ORY_0018020	CEC_0023393,PHA_0008896	BRA_0041571,ORY_0013754	ardaradu.V14167.gnm1.Aradu.A07g01200,arharahy.Tifrunner.gnm1.Arahy.07g01185	GLY_0041459,PHA_0030514	LOC107637248,arharahy.Tifrunner.gnm1.Arahy.11g00248	ardaradu.V14167.gnm1.Aradu.A01g00677,arharahy.Tifrunner.gnm1.Arahy.01g00686	COF_0017526,SOL_0014575	ardaradu.V14167.gnm1.Aradu.A05g00807,arharahy.Tifrunner.gnm1.Arahy.05g00813	CUC_0007309,POP_0004188											
OG0001277_161	CHL_0015165,DUN_0007161,CER_0002442,GIN_0013963,AMB_0010237,CIN_0020928,LIR_0010911,AQU_0018367,ARA_0012286,POP_0023427,CEC_0031371,GLY_0022281,PHA_0001684,MED_0037743,LOC107617942,arharahy.Tifrunner.gnm1.Arahy.19g00608,CUC_0027748,PRU_0036431,VIT_0029594,COF_0011449,SOL_0033242,MIM_0009941,HEL_0000420,ACT_0021410,ASP_0022543,ORY_0029943,BRA_0016482,NYM_0009246,MAR_0008334	ACT_0034816,COF_0012461,MIM_0009703,SOL_0022633,HEL_0018455,CUC_0016188,GLY_0013281,PHA_0009068,POP_0013660,PRU_0022357,VIT_0006043,AQU_0037991,ASP_0023991,LIR_0017816,AMB_0001557,GIN_0025198	CEC_0023618,PRU_0037239,POP_0038305,HEL_0036119,VIT_0027963	PHA_0011160,GLY_0050172,MED_0010720,LOC107612659,arharahy.Tifrunner.gnm1.Arahy.18g00217	AMB_0013092,AQU_0032397,CIN_0010801,LIR_0019809	ardaradu.V14167.gnm1.Aradu.A09g00491,arharahy.Tifrunner.gnm1.Arahy.09g00505	ORY_0016264,BRA_0035767	ORY_0021094,BRA_0046733	ardaradu.V14167.gnm1.Aradu.A07g01958,arharahy.Tifrunner.gnm1.Arahy.07g01791																
OG0001278_161	CHL_0006814,DUN_0017406,AMB_0017741,CIN_0000234,LIR_0034140,ASP_0010883,ORY_0017345,BRA_0019036,AQU_0033236,VIT_0004585,ACT_0039771,HEL_0025558,COF_0005538,SOL_0012161,MIM_0017592,POP_0027444,PRU_0043535,CEC_0013041,GLY_0042124,PHA_0027066,MED_0026360,LOC107623286,ardaradu.V14167.gnm1.Aradu.A10g00744,arharahy.Tifrunner.gnm1.Arahy.10g00774,ARA_0026595,MAR_0003379,NYM_0039335	ASP_0022052,ORY_0015138,BRA_0039412,AQU_0029709,ARA_0026922,POP_0030952,CEC_0028948,GLY_0032041,PHA_0007094,MED_0008530,LOC107632142,ardaradu.V14167.gnm1.Aradu.A03g04903,arharahy.Tifrunner.gnm1.Arahy.13g05073,CUC_0002589,PRU_0018942,VIT_0020686,COF_0022611,MIM_0028290,SOL_0013437,HEL_0042772,ACT_0013675,CIN_0006482,LIR_0015657,NYM_0014726	GLY_0012570,PHA_0016837,MED_0011182,CEC_0021307,VIT_0019339	MAR_0003347,CER_0041711,GIN_0018218	AMB_0007175,LIR_0001805	ORY_0014127,BRA_0038323																			
OG0001280_161	CHL_0017523,DUN_0016657,MAR_0000554,ACT_0034198,HEL_0049764,AMB_0005742,GIN_0026896,NYM_0011156,CIN_0006835,ORY_0023995,BRA_0044717,AQU_0042050,ARA_0013452,CUC_0015811,POP_0031481,CEC_0016290,GLY_0058539,PHA_0004821,LOC107638629,arharahy.Tifrunner.gnm1.Arahy.14g00595,ardaradu.V14167.gnm1.Aradu.A03g02727,MED_0025383,PRU_0024768,VIT_0014504,MIM_0019810,SOL_0029291,COF_0023289	AMB_0002246,LIR_0004515,ASP_0025659,BRA_0028625,ORY_0005710,CIN_0000195,AQU_0037686,NYM_0036664,CUC_0015810,GIN_0017499,MIM_0018785,SOL_0029397,HEL_0008163,ARA_0009100,POP_0022605,CEC_0016289,GLY_0033602,PHA_0033921,LOC107642443,ardaradu.V14167.gnm1.Aradu.A05g00235,arharahy.Tifrunner.gnm1.Arahy.05g00267,MED_0025390,PRU_0025682	CEC_0005257,PHA_0009851,GLY_0019235,MED_0008625,LOC107606112,arharahy.Tifrunner.gnm1.Arahy.17g03246	VIT_0011513,ACT_0012675,COF_0002795,MIM_0002721,SOL_0012558	ASP_0016445,BRA_0051320,ORY_0022274	LOC107642448,ardaradu.V14167.gnm1.Aradu.A05g00237,arharahy.Tifrunner.gnm1.Arahy.05g00268	CIN_0000382,LIR_0013926,AQU_0010217	CER_0057318,HEL_0044823	ardaradu.V14167.gnm1.Aradu.A01g00720,arharahy.Tifrunner.gnm1.Arahy.01g01063	AMB_0006616,NYM_0023218	ardaradu.V14167.gnm1.Aradu.A08g00744,arharahy.Tifrunner.gnm1.Arahy.08g00755	CUC_0005642,POP_0015840	GLY_0033606,PHA_0036670												
OG0001284_160	CHL_0012870,DUN_0007337,GIN_0025678,NYM_0008050,COF_0003877,MIM_0031014,SOL_0025186,HEL_0048986,ACT_0015019,ARA_0011083,POP_0000537,CEC_0031775,GLY_0022103,PHA_0001570,MED_0017131,LOC107638393,arharahy.Tifrunner.gnm1.Arahy.14g00052,CUC_0025136,PRU_0031845,VIT_0028904,AQU_0019549,ASP_0018617,ORY_0022044,BRA_0053929,CIN_0017466,LIR_0007127,CER_0027469,MAR_0005436	AMB_0002405,ASP_0025413,CEC_0008562,PHA_0005257,GLY_0067734,MED_0016389,ardaradu.V14167.gnm1.Aradu.A10g03028,arharahy.Tifrunner.gnm1.Arahy.10g02792,PRU_0034004,VIT_0002200,POP_0034008,ACT_0007990,COF_0017516,SOL_0016163,MIM_0032964,HEL_0026325	CIN_0009283,LIR_0012525,VIT_0017866,MED_0034224	ACT_0017988,VIT_0015072	BRA_0000589,ORY_0027781	ardaradu.V14167.gnm1.Aradu.A04g00002,arharahy.Tifrunner.gnm1.Arahy.04g00002	LOC107623510,arharahy.Tifrunner.gnm1.Arahy.20g03248	GLY_0053514,PHA_0011434																	
OG0001285_160	DUN_0012641,ACT_0001719,AQU_0032745,GIN_0024341,POP_0003670,CUC_0002012,HEL_0004325,SOL_0014621,VIT_0028630,COF_0018067,PRU_0030166,AMB_0016578,MED_0025118,CEC_0016482,GLY_0002099,PHA_0035248,LOC107631822,arharahy.Tifrunner.gnm1.Arahy.13g04340,ARA_0000532,MIM_0032026,CIN_0018239,LIR_0030793,NYM_0014891,ORY_0005151,BRA_0028138	AMB_0002192,PRU_0014770,CEC_0004913,MED_0003918,LOC107618461,arharahy.Tifrunner.gnm1.Arahy.19g02045,GLY_0073584,PHA_0023237,CUC_0010938,VIT_0000626,SOL_0009023	ACT_0017664,MED_0035671,VIT_0021441,CEC_0005694,POP_0016882,COF_0001870,SOL_0023673,PHA_0024962,GLY_0005069,LOC107632314,arharahy.Tifrunner.gnm1.Arahy.13g00660	CEC_0005389,GLY_0003331,PHA_0024808,VIT_0021722,ACT_0025210,MIM_0008127,COF_0002122,POP_0016081,LIR_0007677,CIN_0008453	BRA_0014350,ORY_0009513,NYM_0002079,GIN_0020122,CER_0036089	ACT_0016431,CUC_0001765,PRU_0007995	AQU_0022665,ARA_0012062,MED_0003344	POP_0048660,SOL_0009026,ACT_0000655	ASP_0005349,CIN_0012774,CER_0040685	ardaradu.V14167.gnm1.Aradu.A03g04252,arharahy.Tifrunner.gnm1.Arahy.03g04233	MAR_0012432,CHL_0010618	AMB_0007724,GIN_0021355	MAR_0023078,GIN_0017668	ardaradu.V14167.gnm1.Aradu.A09g01854,arharahy.Tifrunner.gnm1.Arahy.09g01752	ardaradu.V14167.gnm1.Aradu.A02g00769,arharahy.Tifrunner.gnm1.Arahy.02g00813	LOC107645251,arharahy.Tifrunner.gnm1.Arahy.16g00169	ardaradu.V14167.gnm1.Aradu.A06g01289,arharahy.Tifrunner.gnm1.Arahy.06g01388	VIT_0031722,ACT_0017044	COF_0010088,MIM_0007716						
OG0001289_160	CHL_0017926,DUN_0014540,GIN_0009848,VIT_0002974,ACT_0019116,LIR_0018046,AQU_0005520,CEC_0006110,GLY_0069611,PHA_0027306,MED_0036115,LOC107648785,arharahy.Tifrunner.gnm1.Arahy.16g02028,PRU_0027409,POP_0005802,ARA_0000654,CUC_0005089,COF_0015139,SOL_0008973,MIM_0020356,HEL_0030928,NYM_0028990,CER_0008253,MAR_0015806	MAR_0024546,GIN_0022714,AMB_0013535,NYM_0003707,ASP_0017746,ORY_0020876,BRA_0006609,CIN_0016993,LIR_0029597,AQU_0000820,ARA_0003765,CEC_0026315,GLY_0007264,PHA_0017335,LOC107609024,arharahy.Tifrunner.gnm1.Arahy.17g00190,MED_0028559,CUC_0012152,POP_0009245,PRU_0016407,VIT_0025024,ACT_0013551,COF_0001369,MIM_0006610,HEL_0016846,SOL_0023092,CER_0031830	ACT_0024602,COF_0012020,MIM_0010000,SOL_0033079,HEL_0016996,ARA_0014219,CUC_0016450,POP_0022119,PRU_0025798,CEC_0012316,PHA_0007345,GLY_0012740,MED_0008777,LOC107623189,arharahy.Tifrunner.gnm1.Arahy.20g02782,VIT_0006017,AMB_0010559,ASP_0001460,AQU_0040545,CIN_0018131,LIR_0027161,BRA_0018728,ORY_0025355,NYM_0021861,GIN_0021802,CER_0072960,MAR_0000039	ACT_0017904,CEC_0007587,PHA_0019837,GLY_0032775,MED_0030845,LOC107644723,arharahy.Tifrunner.gnm1.Arahy.15g03743,ardaradu.V14167.gnm1.Aradu.A05g02242,POP_0014352,PRU_0001884,VIT_0007721,HEL_0005367,AQU_0015780,CIN_0001893,LIR_0004953,ORY_0028249,BRA_0006709,ASP_0008590,AMB_0016179	ardaradu.V14167.gnm1.Aradu.A06g01882,arharahy.Tifrunner.gnm1.Arahy.06g01865	ardaradu.V14167.gnm1.Aradu.A07g00109,arharahy.Tifrunner.gnm1.Arahy.07g00074	ardaradu.V14167.gnm1.Aradu.A10g02578,arharahy.Tifrunner.gnm1.Arahy.10g02334	ORY_0002045,BRA_0048576	BRA_0002558,ORY_0017241																
OG0001294_159	CHL_0014243,DUN_0001488,MAR_0017894,CER_0012637,AMB_0008798,NYM_0000892,ASP_0024570,ORY_0031759,BRA_0024302,CIN_0016802,LIR_0043434,ARA_0012956,POP_0029760,CEC_0021840,PHA_0011826,GLY_0028254,MED_0009169,LOC107613305,arharahy.Tifrunner.gnm1.Arahy.18g01920,CUC_0015153,PRU_0018999,VIT_0022650,COF_0013966,SOL_0028938,MIM_0028703,HEL_0002547,ACT_0036280,AQU_0012499,GIN_0008451	COF_0018395,SOL_0006889,MIM_0031089,HEL_0025897,ACT_0026542,VIT_0016150,ARA_0000998,CEC_0016113,GLY_0033370,PHA_0034073,MED_0026498,LOC107642289,ardaradu.V14167.gnm1.Aradu.A05g00042,arharahy.Tifrunner.gnm1.Arahy.05g00043,PRU_0016163,AQU_0007951,CIN_0019272,LIR_0022206,ASP_0012758,ORY_0017522,BRA_0000808,AMB_0012437,NYM_0037188	COF_0004205,MIM_0002881,SOL_0025287,HEL_0012829,ACT_0035590,VIT_0001059,ARA_0027134,POP_0041140,CEC_0005057,PHA_0023608,GLY_0036661,MED_0004038,LOC107615517,arharahy.Tifrunner.gnm1.Arahy.19g01755,CUC_0006110,PRU_0012589,AQU_0031589,CIN_0008164,LIR_0007499,ASP_0009293,ORY_0033425,BRA_0040145,AMB_0020051	COF_0003037,ACT_0037143,VIT_0009676,POP_0016959,PRU_0044148	ardaradu.V14167.gnm1.Aradu.A07g02842,arharahy.Tifrunner.gnm1.Arahy.07g02246	LOC107607890,arharahy.Tifrunner.gnm1.Arahy.12g00124	ardaradu.V14167.gnm1.Aradu.A09g01500,arharahy.Tifrunner.gnm1.Arahy.09g01490	MED_0036773,GLY_0010457																	
OG0001297_159	CHL_0006916,DUN_0011960,CER_0070767,MAR_0013453,AMB_0018636,NYM_0039076,ASP_0013235,BRA_0014083,ORY_0027867,CIN_0011669,LIR_0039316,AQU_0018365,VIT_0026309,ARA_0000220,POP_0039987,CEC_0011872,GLY_0035527,PHA_0025333,MED_0023491,LOC107642500,arharahy.Tifrunner.gnm1.Arahy.11g03321,CUC_0005778,PRU_0042131,ACT_0030634,COF_0015929,MIM_0016894,SOL_0002117,HEL_0020940	AMB_0019686,GIN_0016752,ASP_0000422,ORY_0027614,BRA_0003491,POP_0039106,PRU_0042006,VIT_0027653,SOL_0019291,AQU_0014107,LIR_0039493	ardaradu.V14167.gnm1.Aradu.A01g02418,arharahy.Tifrunner.gnm1.Arahy.01g02275	LOC107613081,arharahy.Tifrunner.gnm1.Arahy.18g02574	LOC107611443,ardaradu.V14167.gnm1.Aradu.A08g02278	ardaradu.V14167.gnm1.Aradu.A04g02434,arharahy.Tifrunner.gnm1.Arahy.18g02570	LOC107624847,arharahy.Tifrunner.gnm1.Arahy.11g00761	ardaradu.V14167.gnm1.Aradu.A01g00197,arharahy.Tifrunner.gnm1.Arahy.01g00216	LOC107646191,arharahy.Tifrunner.gnm1.Arahy.11g00765	ardaradu.V14167.gnm1.Aradu.A01g00192,arharahy.Tifrunner.gnm1.Arahy.01g00212	ardaradu.V14167.gnm1.Aradu.A01g00195,arharahy.Tifrunner.gnm1.Arahy.11g00762	LOC107613595,arharahy.Tifrunner.gnm1.Arahy.18g02582	LOC107613594,arharahy.Tifrunner.gnm1.Arahy.18g02583	ardaradu.V14167.gnm1.Aradu.A08g02275,arharahy.Tifrunner.gnm1.Arahy.08g02304	ardaradu.V14167.gnm1.Aradu.A08g02273,arharahy.Tifrunner.gnm1.Arahy.08g02303	LOC107614405,arharahy.Tifrunner.gnm1.Arahy.18g02588	ardaradu.V14167.gnm1.Aradu.A08g02279,arharahy.Tifrunner.gnm1.Arahy.08g02305	LOC107614303,arharahy.Tifrunner.gnm1.Arahy.18g02753	ardaradu.V14167.gnm1.Aradu.A08g02386,arharahy.Tifrunner.gnm1.Arahy.08g02407	LOC107611433,arharahy.Tifrunner.gnm1.Arahy.18g02580	ardaradu.V14167.gnm1.Aradu.A08g02270,arharahy.Tifrunner.gnm1.Arahy.08g02302	ardaradu.V14167.gnm1.Aradu.A04g02435,arharahy.Tifrunner.gnm1.Arahy.04g02205	ardaradu.V14167.gnm1.Aradu.A08g02269,arharahy.Tifrunner.gnm1.Arahy.08g02301	GLY_0046606,PHA_0005885	GLY_0001642,PHA_0001868
OG0001299_159	CHL_0018866,DUN_0009412,MAR_0021446,GIN_0025076,AMB_0008088,NYM_0042997,ARA_0011686,CEC_0004976,PHA_0030433,GLY_0070285,MED_0036827,LOC107645851,arharahy.Tifrunner.gnm1.Arahy.16g01131,CUC_0010998,PRU_0016571,POP_0041839,COF_0008716,VIT_0001250,AQU_0008601,ORY_0013051,BRA_0039648,ASP_0017390,CIN_0008002,LIR_0008606	AMB_0017089,NYM_0019196,ORY_0026084,BRA_0022096,ASP_0011312,AQU_0036734,ARA_0026391,POP_0050598,CUC_0022996,PRU_0036171,CEC_0006854,GLY_0057785,PHA_0026638,MED_0034803,LOC107604836,arharahy.Tifrunner.gnm1.Arahy.16g02847,VIT_0002093,COF_0017126,MIM_0013695,SOL_0015495,HEL_0043540,ACT_0009917	ACT_0014159,MIM_0018994,SOL_0026175,COF_0008720,HEL_0020554	ASP_0018487,ORY_0016125,BRA_0035581	CHL_0000611,DUN_0004140	ardaradu.V14167.gnm1.Aradu.A06g00392,arharahy.Tifrunner.gnm1.Arahy.06g00416	CER_0004410,AMB_0004807	ardaradu.V14167.gnm1.Aradu.A06g02653,arharahy.Tifrunner.gnm1.Arahy.06g02525																	
OG0001307_159	CHL_0009956,DUN_0003302,CER_0003982,ASP_0017965,ORY_0033844,BRA_0031985,CIN_0016191,LIR_0027513,AQU_0004098,ARA_0020777,CUC_0029055,HEL_0031013,POP_0030396,CEC_0022873,PHA_0036974,GLY_0054092,MED_0010453,LOC107613519,arharahy.Tifrunner.gnm1.Arahy.18g00440,ardaradu.V14167.gnm1.Aradu.A08g01360,PRU_0016725,MIM_0009432,SOL_0006836,COF_0001237,VIT_0025023,AMB_0013654,NYM_0043542,MAR_0020566,GIN_0019829	CEC_0008820,PHA_0024152,GLY_0071857,MED_0006020,LOC107618028,arharahy.Tifrunner.gnm1.Arahy.19g03431,ardaradu.V14167.gnm1.Aradu.A09g03340,CUC_0014011,COF_0006429,SOL_0011613,PRU_0000316,POP_0035791,VIT_0019624	CEC_0005867,MED_0035884,LOC107648216,arharahy.Tifrunner.gnm1.Arahy.16g01656,ARA_0017598,CUC_0003915,PRU_0013180,VIT_0003374,ACT_0030304,COF_0014926,MIM_0015403,SOL_0008133,HEL_0019240	AQU_0024906,CEC_0006048,LOC107648739,arharahy.Tifrunner.gnm1.Arahy.16g01946,ARA_0021049,BRA_0013900,ORY_0010746,COF_0015078,VIT_0003450,LIR_0007638,CIN_0003389,NYM_0012985	PHA_0014588,GLY_0043145,MED_0019542,LOC107632348,ardaradu.V14167.gnm1.Aradu.A03g00259,arharahy.Tifrunner.gnm1.Arahy.03g00316	PHA_0019170,GLY_0004438,arharahy.Tifrunner.gnm1.Arahy.14g03725,ardaradu.V14167.gnm1.Aradu.A04g03675	ardaradu.V14167.gnm1.Aradu.A06g01942,arharahy.Tifrunner.gnm1.Arahy.06g01804	ORY_0016861,BRA_0002633	ardaradu.V14167.gnm1.Aradu.A06g01461,arharahy.Tifrunner.gnm1.Arahy.06g01562	PHA_0022389,MED_0003122															
OG0001309_158	MAR_0019918,GIN_0024998,AMB_0008439,NYM_0028502,ORY_0009882,BRA_0010764,ASP_0016443,HEL_0007177,LIR_0041510,CIN_0005748,AQU_0022727,VIT_0022713,ARA_0022174,POP_0027956,CEC_0022122,GLY_0045153,PHA_0012056,MED_0009604,ardaradu.V14167.gnm1.Aradu.A03g02564,arharahy.Tifrunner.gnm1.Arahy.03g02693,CUC_0026334,PRU_0017690,COF_0014234,MIM_0030345,SOL_0017963,ACT_0005158,CER_0037511	COF_0003906,MIM_0015804,HEL_0005036,ACT_0005596,CUC_0021772,ARA_0016081,CEC_0013241,PHA_0023356,GLY_0071904,MED_0005981,LOC107617134,arharahy.Tifrunner.gnm1.Arahy.19g03473,PRU_0042143,POP_0040704,VIT_0020840,AQU_0042203,CIN_0004920,LIR_0012391,ORY_0001375,BRA_0051505,ASP_0012632,NYM_0017878,AMB_0016726	GLY_0021151,PHA_0013357,MED_0039448,ardaradu.V14167.gnm1.Aradu.A03g01703,arharahy.Tifrunner.gnm1.Arahy.03g01851	CHL_0006950,VIT_0007405,DUN_0005833	GLY_0070640,PHA_0002920,MED_0001702	LOC107612107,arharahy.Tifrunner.gnm1.Arahy.18g01536	LOC107613854,arharahy.Tifrunner.gnm1.Arahy.18g01370	ardaradu.V14167.gnm1.Aradu.A09g03305,arharahy.Tifrunner.gnm1.Arahy.09g03142	LOC107630096,arharahy.Tifrunner.gnm1.Arahy.13g02065																
OG0001311_158	CHL_0018628,DUN_0012643,VIT_0017143,ACT_0006366,SOL_0020387,MIM_0001104,COF_0020460,HEL_0038258,ARA_0010544,CEC_0017091,PHA_0005832,GLY_0015047,MED_0021982,LOC107630361,arharahy.Tifrunner.gnm1.Arahy.11g01540,PRU_0022289,CUC_0023093,POP_0024181,AQU_0020685,AMB_0001588,NYM_0036399,ASP_0006111,ORY_0021611,BRA_0044886,CIN_0001640,MAR_0011608,CER_0026561,GIN_0007054	AQU_0020097,ARA_0008347,CUC_0030078,CEC_0023608,PHA_0008802,GLY_0011553,MED_0016133,LOC107606332,arharahy.Tifrunner.gnm1.Arahy.17g03537,PRU_0036806,POP_0006202,VIT_0028642,COF_0020191,HEL_0046180,MIM_0001721,SOL_0020900,ACT_0003594,CIN_0010795,LIR_0044468	ARA_0017741,VIT_0029235,CEC_0031758,GLY_0057961,MED_0032891,LOC107648431,arharahy.Tifrunner.gnm1.Arahy.16g03012,PRU_0034434,POP_0045080,MIM_0011065	PHA_0028918,GLY_0051802,MED_0000553,LOC107605552,arharahy.Tifrunner.gnm1.Arahy.16g03860	BRA_0032998,ORY_0015051	BRA_0026873,ORY_0006285	ardaradu.V14167.gnm1.Aradu.A01g01621,arharahy.Tifrunner.gnm1.Arahy.01g01599	ardaradu.V14167.gnm1.Aradu.A08g01018,arharahy.Tifrunner.gnm1.Arahy.08g01025	ardaradu.V14167.gnm1.Aradu.A06g02813,arharahy.Tifrunner.gnm1.Arahy.06g02680	LOC107647457,arharahy.Tifrunner.gnm1.Arahy.16g03005	ardaradu.V14167.gnm1.Aradu.A06g02808,arharahy.Tifrunner.gnm1.Arahy.06g02676	ardaradu.V14167.gnm1.Aradu.A06g02820,arharahy.Tifrunner.gnm1.Arahy.06g02683	ardaradu.V14167.gnm1.Aradu.A06g03442,arharahy.Tifrunner.gnm1.Arahy.06g03145	LOC107643026,arharahy.Tifrunner.gnm1.Arahy.15g01066	ardaradu.V14167.gnm1.Aradu.A05g01040,arharahy.Tifrunner.gnm1.Arahy.05g01046										
OG0001312_158	CHL_0018972,DUN_0014541,MAR_0016653,CER_0001776,GIN_0020606,AMB_0010830,NYM_0021735,ASP_0025316,ORY_0020545,BRA_0007334,CIN_0027662,LIR_0019471,CEC_0025182,GLY_0030350,PHA_0030083,LOC107617270,ardaradu.V14167.gnm1.Aradu.A01g00300,arharahy.Tifrunner.gnm1.Arahy.11g00635,MED_0013099,CUC_0001835,PRU_0018486,POP_0027544,ARA_0022996,VIT_0023497,ACT_0024289,COF_0014452,SOL_0000188,MIM_0031354,HEL_0038262,AQU_0028090	CIN_0026417,LIR_0003248,ASP_0017822,ORY_0016205,BRA_0033630,CEC_0012810,PHA_0007307,GLY_0020135,LOC107613245,arharahy.Tifrunner.gnm1.Arahy.18g03355,MED_0015760,CUC_0013038,PRU_0022137,VIT_0006616,POP_0020761,ACT_0004709,COF_0012196,SOL_0031239,HEL_0005464,MIM_0008929,ARA_0022080,AQU_0039357	GLY_0017070,PHA_0033068,LOC107630835,arharahy.Tifrunner.gnm1.Arahy.13g03303	ardaradu.V14167.gnm1.Aradu.A08g02824,arharahy.Tifrunner.gnm1.Arahy.08g02955	ardaradu.V14167.gnm1.Aradu.A03g03100,arharahy.Tifrunner.gnm1.Arahy.03g03066																				
OG0001317_157	CHL_0007578,DUN_0011046,CER_0015426,ACT_0033263,COF_0017072,SOL_0015018,MIM_0030811,HEL_0012986,VIT_0000707,ARA_0024175,POP_0050637,GLY_0068253,PHA_0028874,MED_0032883,ardaradu.V14167.gnm1.Aradu.A06g02768,arharahy.Tifrunner.gnm1.Arahy.06g02631,CEC_0021224,PRU_0036410,CUC_0011261,AQU_0032601,LIR_0014993,ASP_0017599,BRA_0030439,ORY_0008186,NYM_0037243,AMB_0018447,GIN_0002801	GIN_0015113,AMB_0018136,ORY_0015562,BRA_0038021,ASP_0012849,ARA_0027104,POP_0045936,CEC_0004759,PHA_0018309,GLY_0034000,LOC107635187,arharahy.Tifrunner.gnm1.Arahy.14g03100,MED_0034643,CUC_0015083,PRU_0014128,VIT_0018110,COF_0021297,MIM_0011448,SOL_0006500,HEL_0008656,ACT_0015468,LIR_0036067,CIN_0024197,NYM_0038348,MAR_0018218	NYM_0004984,ARA_0016709,POP_0029042,CEC_0021627,GLY_0027956,PHA_0011621,MED_0011133,LOC107605260,ardaradu.V14167.gnm1.Aradu.A06g02984,arharahy.Tifrunner.gnm1.Arahy.06g02848,PRU_0005364,COF_0008342,SOL_0014181,MIM_0004010,HEL_0030228,VIT_0019794,AQU_0023737,CIN_0018841,LIR_0009774,AMB_0012928	BRA_0045025,ORY_0002430,ASP_0002946,CIN_0021722	CHL_0019314,DUN_0007298	LOC107605039,arharahy.Tifrunner.gnm1.Arahy.16g02960	ardaradu.V14167.gnm1.Aradu.A04g03101,arharahy.Tifrunner.gnm1.Arahy.04g02806	ACT_0023226,AQU_0002535																	
OG0001318_157	DUN_0007373,CHL_0013883,MAR_0000894,CER_0019224,GIN_0002499,AMB_0006954,NYM_0043593,ACT_0037725,MIM_0030196,COF_0008831,SOL_0017045,HEL_0025258,ARA_0006546,POP_0040729,CEC_0004986,MED_0036820,GLY_0010519,PHA_0031482,LOC107646482,arharahy.Tifrunner.gnm1.Arahy.16g01122,CUC_0011014,PRU_0013280,VIT_0001160,LIR_0007098	AQU_0039846,CUC_0011095,POP_0012799,ARA_0019268,CEC_0012837,PHA_0006611,GLY_0013487,MED_0015730,LOC107613325,arharahy.Tifrunner.gnm1.Arahy.18g03337,PRU_0022291,VIT_0006167,COF_0011831,SOL_0031894,MIM_0010860,HEL_0044104,ACT_0008566,CIN_0000229,ASP_0019892,ORY_0038649,BRA_0019157,NYM_0018439	ARA_0026439,HEL_0050667,CEC_0012979,GLY_0073961,PHA_0022241,LOC107617814,arharahy.Tifrunner.gnm1.Arahy.19g02796,CUC_0026794,POP_0027778,PRU_0036743	COF_0005366,MIM_0016935,HEL_0051176,SOL_0003782,ACT_0019297	ASP_0018836,BRA_0038789,ORY_0034253,SOL_0016580,CIN_0008050	ardaradu.V14167.gnm1.Aradu.A06g00400,arharahy.Tifrunner.gnm1.Arahy.06g00426	GIN_0010050,LIR_0029022	BRA_0036938,ORY_0016359	ardaradu.V14167.gnm1.Aradu.A08g02809,arharahy.Tifrunner.gnm1.Arahy.08g02935	LIR_0002172,CIN_0013384	LOC107613786,VIT_0004543	ardaradu.V14167.gnm1.Aradu.A08g01527,arharahy.Tifrunner.gnm1.Arahy.15g01978	ardaradu.V14167.gnm1.Aradu.A09g03450,arharahy.Tifrunner.gnm1.Arahy.09g03317	LOC107633517,arharahy.Tifrunner.gnm1.Arahy.13g03329	ardaradu.V14167.gnm1.Aradu.A03g03134,arharahy.Tifrunner.gnm1.Arahy.03g03091	CUC_0011015,AQU_0030183									
OG0001319_157	CHL_0008411,DUN_0006980,CER_0022028,ACT_0033173,COF_0002148,MIM_0007884,SOL_0028037,HEL_0011148,ARA_0004989,POP_0015151,CEC_0005348,GLY_0039557,PHA_0032301,MED_0036518,LOC107646072,arharahy.Tifrunner.gnm1.Arahy.16g00821,CUC_0006689,PRU_0006636,VIT_0022374,AQU_0002332,CIN_0002763,ASP_0009942,ORY_0017131,BRA_0008608,LIR_0001237,NYM_0023379,AMB_0008875,GIN_0009387,MAR_0018965	AMB_0012442,NYM_0038320,ASP_0004046,ORY_0028758,BRA_0016465,CIN_0025577,LIR_0019497,AQU_0010461,ARA_0003356,POP_0003346,PRU_0028873,CUC_0028537,CEC_0016751,PHA_0035474,GLY_0002350,MED_0024829,LOC107642760,ardaradu.V14167.gnm1.Aradu.A07g01807,arharahy.Tifrunner.gnm1.Arahy.05g00699,VIT_0021253,COF_0017629,MIM_0030569,SOL_0032007,ACT_0000929,HEL_0025964	GLY_0034755,PHA_0023500,MED_0004312,LOC107617664,arharahy.Tifrunner.gnm1.Arahy.19g01339	ardaradu.V14167.gnm1.Aradu.A06g00681,arharahy.Tifrunner.gnm1.Arahy.06g00726	ardaradu.V14167.gnm1.Aradu.A09g01123,arharahy.Tifrunner.gnm1.Arahy.09g01122	PHA_0028599,GLY_0069982																			
OG0002437_101	CHL_0004281,DUN_0018648,MAR_0007853,GIN_0012549,ASP_0020125,BRA_0053216,ORY_0023141,CIN_0026507,LIR_0043593,AMB_0001576,NYM_0001826,AQU_0022778,COF_0003393,SOL_0004034,HEL_0002313,MIM_0009381,ARA_0017269,CUC_0008956,POP_0039747,CEC_0012280,PHA_0005413,GLY_0061566,MED_0022600,LOC107645984,arharahy.Tifrunner.gnm1.scaffold_301g00001,PRU_0027473,VIT_0025868,ACT_0006132,CER_0038727	ACT_0040242,COF_0014244,SOL_0028327,MIM_0029468,HEL_0046654,ARA_0004483,POP_0019458,CEC_0022142,GLY_0045130,PHA_0011456,arharahy.Tifrunner.gnm1.Arahy.08g02065,ardaradu.V14167.gnm1.Adur2704g00001,MED_0009616,PRU_0018179,VIT_0023255,AQU_0029291,AMB_0007633,GIN_0020448,NYM_0005784,CIN_0018199,LIR_0042546,ASP_0014508,BRA_0039190,ORY_0014971,CER_0053961,MAR_0010982	LOC107630415,arharahy.Tifrunner.gnm1.Arahy.13g02555	ardaradu.V14167.gnm1.Aradu.A06g00556,arharahy.Tifrunner.gnm1.Arahy.06g00598	LOC107612912,arharahy.Tifrunner.gnm1.Arahy.18g01349	ardaradu.V14167.gnm1.Aradu.A02g02363,arharahy.Tifrunner.gnm1.Arahy.02g02243																			
OG0002440_101	CHL_0016309,DUN_0013113,MAR_0008011,CER_0006730,ACT_0019852,VIT_0012480,COF_0008157,MIM_0026000,SOL_0026823,HEL_0026044,AMB_0001723,GIN_0021789,NYM_0035871,ASP_0011363,CIN_0018278,LIR_0005280,AQU_0020299,CEC_0015350,GLY_0025056,PHA_0033518,LOC107625833,ardaradu.V14167.gnm1.Aradu.A02g02413,MED_0035359,CUC_0020237,PRU_0042371,POP_0000518	ASP_0016039,BRA_0001280,ORY_0009406,AQU_0014766,VIT_0003619,ARA_0015823,POP_0047988,PHA_0024543,GLY_0005483,MED_0002558,LOC107626197,arharahy.Tifrunner.gnm1.Arahy.12g03114,CEC_0006332,PRU_0028494,CUC_0027407,COF_0016949,SOL_0033541,MIM_0016396,HEL_0028178,ACT_0023055	AMB_0002512,NYM_0008310	ardaradu.V14167.gnm1.Aradu.A02g02879,arharahy.Tifrunner.gnm1.Arahy.02g02785																					
OG0002442_101	CHL_0002558,DUN_0010451,CER_0034157,MAR_0019534,GIN_0000355,AMB_0018250,NYM_0018812,ARA_0026898,PRU_0022317,CEC_0012869,PHA_0007781,GLY_0013543,MED_0015697,ardaradu.V14167.gnm1.Aradu.A08g02729,arharahy.Tifrunner.gnm1.Arahy.08g02847,CUC_0012990,POP_0022092,VIT_0015797,COF_0011800,MIM_0006604,SOL_0032080,HEL_0015357,ACT_0022323	HEL_0048024,ORY_0022916,BRA_0052587,ASP_0001349	PHA_0034042,GLY_0025902,LOC107630888,ardaradu.V14167.gnm1.Aradu.A03g03193	VIT_0009190,CIN_0000762,LIR_0035420	VIT_0001620,AQU_0037049																				
OG0002447_101	DUN_0001626,CHL_0000624,GIN_0019604,AMB_0015107,CIN_0005794,LIR_0011804,AQU_0008477,VIT_0022586,HEL_0042807,ACT_0034279,SOL_0013452,COF_0018212,MIM_0015889,POP_0004399,ARA_0003124,CEC_0016350,GLY_0033314,PHA_0004487,MED_0040237,LOC107619869,arharahy.Tifrunner.gnm1.Arahy.20g00075,PRU_0026458,CUC_0002144,ASP_0012506,NYM_0032003,CER_0000321,MAR_0015099	ACT_0028455,COF_0002240,SOL_0012346,MIM_0024029,HEL_0026358,ARA_0024355,PRU_0025953,POP_0042470,VIT_0009934	GLY_0001972,PHA_0034150,MED_0025294,LOC107642466,ardaradu.V14167.gnm1.Aradu.A06g03239,arharahy.Tifrunner.gnm1.Arahy.06g02949	ASP_0013392,BRA_0006165,ORY_0008567	ardaradu.V14167.gnm1.Aradu.A01g00769,arharahy.Tifrunner.gnm1.Arahy.01g01005	ardaradu.V14167.gnm1.Aradu.A05g00300,arharahy.Tifrunner.gnm1.Arahy.05g00333																			
OG0002449_101	CHL_0017017,DUN_0005628,GIN_0024170,BRA_0007136,ORY_0019606,ASP_0014248,CIN_0013645,LIR_0045168,AQU_0005144,ARA_0023677,POP_0050461,CEC_0006759,GLY_0068514,PHA_0028889,MED_0034936,LOC107604938,arharahy.Tifrunner.gnm1.Arahy.16g02670,CUC_0026191,PRU_0022238,VIT_0003809,COF_0016768,SOL_0029496,MIM_0005805,HEL_0026591,ACT_0005456,NYM_0007904,AMB_0003122,CER_0022021,MAR_0020973	ardaradu.V14167.gnm1.Aradu.A06g02489,arharahy.Tifrunner.gnm1.Arahy.06g02381	PHA_0021087,GLY_0004105	LOC107634256,arharahy.Tifrunner.gnm1.Arahy.11g02180	ardaradu.V14167.gnm1.Aradu.A01g03389,arharahy.Tifrunner.gnm1.Arahy.01g03314																				
OG0002450_101	CHL_0000333,DUN_0014528,AMB_0017757,CIN_0024323,ASP_0018352,LIR_0015782,VIT_0005401,ARA_0010831,POP_0036395,PRU_0037973,COF_0005469,SOL_0004174,HEL_0025290,MIM_0017719,ACT_0005828,AQU_0033809,NYM_0013612,MAR_0013042,CER_0046116,GIN_0027573	ACT_0011023,HEL_0039548,COF_0014454,MIM_0030287,SOL_0002104,VIT_0022747,ARA_0026820,CEC_0025180,LOC107616938,arharahy.Tifrunner.gnm1.Arahy.11g00632,ardaradu.V14167.gnm1.Aradu.A01g00301,GLY_0064419,PHA_0030145,MED_0013102,CUC_0003589,PRU_0021426,AQU_0027489	BRA_0028302,ORY_0006344	ASP_0022168,BRA_0017983	CIN_0016838,LIR_0040278	AMB_0010988,NYM_0036883																			
OG0002451_101	CHL_0013755,DUN_0017993,CER_0058677,AMB_0019708,ASP_0006173,BRA_0016494,ORY_0010526,COF_0002769,MIM_0005640,SOL_0029351,HEL_0012433,ACT_0006286,VIT_0011338,ARA_0010321,POP_0017050,CEC_0023542,PHA_0007011,GLY_0011497,MED_0016073,LOC107606367,arharahy.Tifrunner.gnm1.Arahy.17g03583,PRU_0045157,CUC_0027070,CIN_0010745,LIR_0020569,MAR_0004916	HEL_0036111,MIM_0002439,VIT_0008531,POP_0010107,PRU_0007310,SOL_0027560,ACT_0005926,AQU_0024374	PHA_0029184,GLY_0063070,LOC107605621,arharahy.Tifrunner.gnm1.Arahy.16g03978	LIR_0023336,NYM_0005314,GIN_0015116	ardaradu.V14167.gnm1.Aradu.A08g01080,arharahy.Tifrunner.gnm1.Arahy.08g01089	ardaradu.V14167.gnm1.Aradu.A06g03518,arharahy.Tifrunner.gnm1.Arahy.06g03242																			
OG0002462_100	CHL_0008747,DUN_0008687,MAR_0016148,CER_0048947,GIN_0024165,ASP_0004232,ORY_0028458,BRA_0013150,AMB_0013246,NYM_0035723,CIN_0025675,LIR_0005841,AQU_0013850,ARA_0002603,CUC_0016097,CEC_0030008,PHA_0009089,GLY_0031558,LOC107639121,arharahy.Tifrunner.gnm1.Arahy.14g01374,MED_0007984,POP_0014580,VIT_0012817,PRU_0034643	GIN_0027048,BRA_0007866,ORY_0029298,NYM_0017346,CIN_0016102,ARA_0023020,CUC_0013174,CEC_0008327,PHA_0017357,GLY_0066609,MED_0032159,arharahy.Tifrunner.gnm1.Arahy.04g03005,LOC107635334,PRU_0035805,POP_0051428,COF_0018264,SOL_0013703,HEL_0022837,VIT_0000633,ACT_0000627,AQU_0042364,ASP_0016424,AMB_0005439	ACT_0028463,COF_0013827,MIM_0028590,SOL_0001473,HEL_0032114,arharahy.Tifrunner.gnm1.Arahy.11g00842	PHA_0034797,GLY_0027029,MED_0021589,LOC107631498,arharahy.Tifrunner.gnm1.Arahy.13g04715	ardaradu.V14167.gnm1.Aradu.A04g01247,arharahy.Tifrunner.gnm1.Arahy.04g01239	ardaradu.V14167.gnm1.Aradu.A03g04589,arharahy.Tifrunner.gnm1.Arahy.03g04628																			
OG0002464_100	CHL_0002140,DUN_0002809,ASP_0005080,BRA_0024598,ORY_0026156,CIN_0011235,LIR_0036993,AMB_0005828,MAR_0006514,CER_0074554,GIN_0000165,NYM_0025029,AQU_0019898,ACT_0015230,CUC_0011714,COF_0018958,PRU_0027911,MED_0003886,PHA_0006236,GLY_0046820,ardaradu.V14167.gnm1.Aradu.A05g01846,arharahy.Tifrunner.gnm1.Arahy.04g01653,VIT_0025918,POP_0043127,MIM_0020799,HEL_0023917,SOL_0003442	ARA_0002208,POP_0005629,CUC_0009127,PRU_0030929,CEC_0011727,PHA_0002417,GLY_0060606,MED_0008967,LOC107643567,ardaradu.V14167.gnm1.Aradu.A01g02271	ardaradu.V14167.gnm1.Aradu.A07g00326,LOC107606541,arharahy.Tifrunner.gnm1.Arahy.17g00460	CER_0016352,VIT_0025637	LOC107643561,arharahy.Tifrunner.gnm1.Arahy.11g03452	ardaradu.V14167.gnm1.Aradu.A01g02272,arharahy.Tifrunner.gnm1.Arahy.01g02138	COF_0015826,SOL_0017653	LOC107647862,arharahy.Tifrunner.gnm1.Arahy.01g02137																	
OG0002466_100	CHL_0016270,DUN_0000716,MAR_0023080,CER_0018383,GIN_0009844,NYM_0019285,AQU_0040638,BRA_0013152,ORY_0029485,ASP_0017601,CIN_0018377,LIR_0027436,CEC_0023747,GLY_0066146,PHA_0017701,LOC107641168,arharahy.Tifrunner.gnm1.Arahy.15g03009,MED_0034347,CUC_0013090,PRU_0027374,POP_0013548,ARA_0018449,MIM_0005489,SOL_0020294,COF_0016691,VIT_0005632,HEL_0009398,ACT_0034597,AMB_0010071	GLY_0023318,PHA_0002157,MED_0038620,LOC107609458,arharahy.Tifrunner.gnm1.Arahy.17g01742	LOC107637012,arharahy.Tifrunner.gnm1.Arahy.14g02654,ardaradu.V14167.gnm1.Aradu.A04g02653	ardaradu.V14167.gnm1.Aradu.A05g02948,arharahy.Tifrunner.gnm1.Arahy.05g02800	ardaradu.V14167.gnm1.Aradu.A07g01557,arharahy.Tifrunner.gnm1.Arahy.07g01419	PHA_0017407,GLY_0066142	LOC107637010,arharahy.Tifrunner.gnm1.Arahy.14g02645	ardaradu.V14167.gnm1.Aradu.A04g02647,arharahy.Tifrunner.gnm1.Arahy.04g02392																	
OG0002470_100	DUN_0007319,CHL_0018532,CER_0066644,ASP_0005120,BRA_0007164,ORY_0005964,VIT_0023676,CEC_0025283,PHA_0015960,GLY_0007110,MED_0032777,LOC107609748,arharahy.Tifrunner.gnm1.Arahy.17g00404,CUC_0012574,PRU_0045529,MIM_0029685	ACT_0029567,HEL_0014710,CUC_0012355,PRU_0034712,POP_0001952,VIT_0014091,AMB_0020531,NYM_0012956,AQU_0018871,LIR_0001855,GIN_0017130,MAR_0012140	COF_0014371,MIM_0028126,SOL_0018866,ARA_0017887,HEL_0017540,ACT_0022928	MED_0012847,GLY_0064585,PHA_0031668,LOC107624884,arharahy.Tifrunner.gnm1.Arahy.11g00768	BRA_0012410,ORY_0016791	ardaradu.V14167.gnm1.Aradu.A07g00271,arharahy.Tifrunner.gnm1.Arahy.07g00255	LIR_0015272,CIN_0001090	BRA_0016683,ORY_0022028	POP_0030219,PRU_0020945	ardaradu.V14167.gnm1.Aradu.A01g00190,arharahy.Tifrunner.gnm1.Arahy.01g00210															
OG0002471_100	MAR_0004664,COF_0004115,SOL_0026517,MIM_0018159,HEL_0037198,ACT_0013401,VIT_0003999,ARA_0017126,POP_0037533,CEC_0013494,PHA_0001188,GLY_0007631,MED_0038605,arharahy.Tifrunner.gnm1.Arahy.02g02555,ardaradu.V14167.gnm1.Aradu.A02g02676,CUC_0023404,PRU_0040338,ORY_0001266,BRA_0052009,NYM_0033425,ASP_0010975,LIR_0030062,CIN_0005218,AQU_0040823,AMB_0015185,GIN_0007647,CER_0030787,CHL_0006169,DUN_0004086	ORY_0028089,BRA_0003460,ASP_0004252,AMB_0005240,CIN_0017271,LIR_0031337,ARA_0007969,POP_0017873,CEC_0025618,GLY_0019236,PHA_0008416,MED_0014099,LOC107606111,arharahy.Tifrunner.gnm1.Arahy.17g03244,CUC_0005644,PRU_0037000,VIT_0011166,COF_0002796,SOL_0009978,HEL_0011688,MIM_0004630,ACT_0012154,AQU_0006913,GIN_0012028	PHA_0005159,GLY_0034443,MED_0001568,ardaradu.V14167.gnm1.Aradu.A10g03379,arharahy.Tifrunner.gnm1.Arahy.10g03191	MED_0026747,PHA_0016802,LOC107607381,arharahy.Tifrunner.gnm1.Arahy.17g02284	LOC107627879,arharahy.Tifrunner.gnm1.Arahy.12g02864	ardaradu.V14167.gnm1.Aradu.A08g00743,arharahy.Tifrunner.gnm1.Arahy.08g00754	ardaradu.V14167.gnm1.Aradu.A08g01139,arharahy.Tifrunner.gnm1.Arahy.08g01146																		
OG0002485_100	CHL_0004039,DUN_0003472,MAR_0019285,GIN_0000285,NYM_0021787,ACT_0040420,COF_0013031,MIM_0007438,VIT_0000568,HEL_0016085,ARA_0006947,POP_0014360,CEC_0025845,MED_0023430,PHA_0017215,GLY_0006676,ardaradu.V14167.gnm1.Aradu.A07g00736,LOC107648300,arharahy.Tifrunner.gnm1.Arahy.16g02218,SOL_0021715,ASP_0010924,BRA_0049463,CIN_0015130,ORY_0016543,CUC_0003223,PRU_0033753,CER_0054090	LOC107619086,arharahy.Tifrunner.gnm1.Arahy.19g03781,ardaradu.V14167.gnm1.Aradu.A09g03050	AMB_0000169,ACT_0022395,AQU_0005119	AQU_0040124,HEL_0027639,CIN_0000692	POP_0050734,PRU_0024574,VIT_0005642	CIN_0015413,LIR_0033695	LOC107608030,arharahy.Tifrunner.gnm1.Arahy.17g00911	ardaradu.V14167.gnm1.Aradu.A07g00738,arharahy.Tifrunner.gnm1.Arahy.07g00716	LOC107610059,arharahy.Tifrunner.gnm1.Arahy.17g02290																
OG0002498_99	CHL_0005276,DUN_0008176,AMB_0016014,CER_0071462,MAR_0010109,GIN_0023528,NYM_0023786,CUC_0020372,ARA_0003504,CEC_0030853,GLY_0066140,PHA_0019006,MED_0034335,LOC107639785,arharahy.Tifrunner.gnm1.Arahy.14g02642,POP_0017626,PRU_0002156,VIT_0011608,COF_0009246,SOL_0024684,MIM_0012895,HEL_0010907,ACT_0010095,AQU_0019931,CIN_0000808,LIR_0005235,ASP_0009171,ORY_0022857,BRA_0053801	MED_0038631,GLY_0007656,PHA_0001457,LOC107627844,arharahy.Tifrunner.gnm1.Arahy.12g02817	CER_0040570,GIN_0007320	ardaradu.V14167.gnm1.Aradu.A04g02646,arharahy.Tifrunner.gnm1.Arahy.04g02424	LIR_0047441,CIN_0000074	BRA_0027754,ORY_0006413	ardaradu.V14167.gnm1.Aradu.A02g02636,arharahy.Tifrunner.gnm1.Arahy.02g02521																		
OG0002506_99	CHL_0007019,DUN_0017410,MAR_0022927,CER_0064408,GIN_0010639,AMB_0018330,ORY_0002257,BRA_0051828,ASP_0021431,CIN_0023363,LIR_0013275,ARA_0004172,CUC_0005568,CEC_0026411,PHA_0023074,GLY_0054074,LOC107623428,ardaradu.V14167.gnm1.Aradu.A10g01257,arharahy.Tifrunner.gnm1.Arahy.10g01162,MED_0005749,PRU_0014451,POP_0029665,VIT_0024524,SOL_0013296,COF_0000520,HEL_0044586,MIM_0008736,ACT_0033201,AQU_0036030,NYM_0043145	ACT_0010159,COF_0006741,SOL_0003979,MIM_0012354,HEL_0026657,ARA_0019098,POP_0046257,CEC_0007976,PHA_0019784,GLY_0062371,MED_0029854,LOC107626647,CUC_0001525,PRU_0004659,VIT_0019398,AQU_0013296,ASP_0006760,ORY_0031078,BRA_0025893,LIR_0023947,NYM_0000912,AMB_0008940,GIN_0011873																							
OG0002508_99	DUN_0011122,CHL_0000094,MAR_0020180,CER_0036233,AMB_0007035,ASP_0004636,BRA_0018736,ORY_0026418,CIN_0000633,LIR_0008462,ARA_0007117,POP_0028272,CEC_0009530,PHA_0027341,GLY_0063484,MED_0032077,LOC107638237,arharahy.Tifrunner.gnm1.Arahy.14g00288,VIT_0031321,PRU_0038853,CUC_0019559,COF_0024837,SOL_0029877,MIM_0002519,HEL_0042537,ACT_0003237,AQU_0004547,NYM_0042042	ACT_0023661,HEL_0007602,SOL_0023149,VIT_0030831,ARA_0001151,CUC_0006412,PRU_0041849,PHA_0011231,GLY_0050055,MED_0010586,LOC107613779,arharahy.Tifrunner.gnm1.Arahy.08g01286,ardaradu.V14167.gnm1.Aradu.A08g01257,CEC_0023013,POP_0051430,AQU_0003447,CIN_0026086,LIR_0003430,ASP_0020221,ORY_0008019,BRA_0028166,NYM_0039122,AMB_0018045,GIN_0015996	ardaradu.V14167.gnm1.Aradu.A04g00173,arharahy.Tifrunner.gnm1.Arahy.04g00195	BRA_0016872,ORY_0025389																					
OG0002511_99	MAR_0000479,GIN_0003963,CER_0071934,AMB_0021233,ORY_0014433,BRA_0036992,AQU_0020848,ARA_0012813,POP_0011447,CEC_0017311,GLY_0017239,PHA_0008839,MED_0041934,LOC107630732,arharahy.Tifrunner.gnm1.Arahy.13g03139,CUC_0003194,PRU_0023855,COF_0020722,HEL_0022516,MIM_0006639,SOL_0020845,ACT_0029226,VIT_0014575,CIN_0009183,LIR_0016005,NYM_0029529,CHL_0009078,DUN_0013552	ACT_0039282,SOL_0009399,HEL_0003111,ARA_0016883,BRA_0040096,ORY_0035123,CEC_0000863,PHA_0015263,GLY_0040189,MED_0020090,LOC107632281,arharahy.Tifrunner.gnm1.Arahy.13g00893,POP_0047998,PRU_0015941,VIT_0003829,CIN_0010934,LIR_0028825,ASP_0002705,AMB_0014262	LOC107618688,arharahy.Tifrunner.gnm1.Arahy.19g00919,ardaradu.V14167.gnm1.Aradu.A02g00123	BRA_0032359,ORY_0012316,ASP_0001628	ardaradu.V14167.gnm1.Aradu.A03g02926,arharahy.Tifrunner.gnm1.Arahy.03g02906	ardaradu.V14167.gnm1.Aradu.A03g00523,arharahy.Tifrunner.gnm1.Arahy.03g00813																			
OG0002519_99	CHL_0017795,DUN_0014810,ACT_0036932,VIT_0002724,COF_0015239,SOL_0009454,MIM_0030907,AQU_0001128,ARA_0018153,HEL_0021996,CEC_0006200,MED_0036213,PHA_0026555,GLY_0069708,LOC107604654,arharahy.Tifrunner.gnm1.Arahy.16g02190,CUC_0005152,PRU_0028568,POP_0008145,ASP_0019250,LIR_0019004,AMB_0000776,CIN_0027743,ORY_0012844,BRA_0033387,NYM_0009136,MAR_0001185,CER_0052048,GIN_0013555	ARA_0015589,CUC_0024780,POP_0031459,CEC_0016947,GLY_0002514,PHA_0034932,LOC107642629,ardaradu.V14167.gnm1.Aradu.A05g02757,arharahy.Tifrunner.gnm1.Arahy.05g02625,MED_0024649,PRU_0024273,VIT_0015289,COF_0019355,SOL_0019106,MIM_0018481	ASP_0010538,BRA_0045173,ORY_0024012,CIN_0012750	ACT_0011467,COF_0025329	AMB_0021571,AQU_0005107	ardaradu.V14167.gnm1.Aradu.A06g02038,arharahy.Tifrunner.gnm1.Arahy.06g01999	ardaradu.V14167.gnm1.Aradu.A05g00480,arharahy.Tifrunner.gnm1.Arahy.05g00517	COF_0025460,HEL_0043805	PHA_0002746,GLY_0061959																
OG0002521_99	CHL_0005438,DUN_0014283,MAR_0020996,AMB_0015432,LIR_0032045,CIN_0017783,ASP_0009479,ORY_0021633,BRA_0048676,ARA_0014383,POP_0039478,CEC_0007531,MED_0030952,LOC107644704,arharahy.Tifrunner.gnm1.Arahy.15g03720,PHA_0019976,GLY_0059765,CUC_0009815,PRU_0025670,VIT_0006980,ACT_0013269,COF_0012598,MIM_0009530,SOL_0023618,HEL_0042270,AQU_0042671,NYM_0013289,GIN_0016217,CER_0039182	GLY_0036974,PHA_0021870,MED_0003737,LOC107618123,arharahy.Tifrunner.gnm1.Arahy.19g02172	LOC107644659,arharahy.Tifrunner.gnm1.Arahy.05g02207,ardaradu.V14167.gnm1.Aradu.A05g02316	LOC110272166,arharahy.Tifrunner.gnm1.Arahy.15g03726	ardaradu.V14167.gnm1.Aradu.A05g02264,arharahy.Tifrunner.gnm1.Arahy.05g02157	ardaradu.V14167.gnm1.Aradu.A09g02029,arharahy.Tifrunner.gnm1.Arahy.09g01885																			
OG0002522_99	CHL_0002757,DUN_0013922,CER_0031825,ASP_0010162,ORY_0018321,BRA_0010491,AQU_0019011,COF_0015836,HEL_0015607,SOL_0003954,ARA_0003272,CEC_0011712,GLY_0055826,PHA_0009154,LOC107630471,arharahy.Tifrunner.gnm1.Arahy.13g02635,MED_0008264,CUC_0011726,PRU_0028660,POP_0006337,ACT_0023149,MIM_0014521,LIR_0037737	AMB_0005807,ASP_0016615,AQU_0025656,ARA_0015910,POP_0038948,CEC_0011711,PHA_0004742,GLY_0046842,MED_0023322,LOC107643656,ardaradu.V14167.gnm1.Aradu.A01g02264,arharahy.Tifrunner.gnm1.Arahy.01g02131,PRU_0028059,VIT_0026256,COF_0015837,MIM_0022073,SOL_0001802,CIN_0020090,LIR_0004132,NYM_0022171,GIN_0018147,MAR_0001689,CER_0004412	COF_0000674,HEL_0026842,MIM_0008890,SOL_0029780,ACT_0036869,VIT_0025321,AQU_0028825,CIN_0011180,LIR_0037849,AMB_0021648,NYM_0007555,GIN_0000511	ardaradu.V14167.gnm1.Aradu.A03g02338,arharahy.Tifrunner.gnm1.Arahy.03g02450	AMB_0005161,NYM_0022162	PHA_0004816,GLY_0027858	LOC107643631,arharahy.Tifrunner.gnm1.Arahy.11g03459																		
OG0002523_99	CHL_0013219,DUN_0011506,ACT_0034654,COF_0003959,SOL_0010718,MIM_0001997,HEL_0006470,AMB_0016251,ASP_0010055,BRA_0045179,ORY_0000675,CER_0009461,MAR_0012278,GIN_0009666,NYM_0011719,CIN_0004558,AQU_0041710,LIR_0030645,ARA_0019361,POP_0003640,CUC_0025237,PRU_0040217,VIT_0020031,CEC_0013191	GIN_0020559,AQU_0020199,ORY_0026819,BRA_0017957,ARA_0005190,CEC_0007125,PHA_0020248,GLY_0023910,MED_0031822,ardaradu.V14167.gnm1.Aradu.A05g02626,arharahy.Tifrunner.gnm1.Arahy.05g02497,CUC_0030218,PRU_0027856,POP_0007560,VIT_0026093,ACT_0023412,COF_0015731,MIM_0020949,SOL_0029053,HEL_0030378,AMB_0009172,NYM_0009140,ASP_0022819,CIN_0027247,LIR_0042367,MAR_0007592,CER_0002521	LOC107622946,ardaradu.V14167.gnm1.Aradu.A10g03481,MED_0001722,PHA_0005948,HEL_0004846,GLY_0070626	BRA_0029512,ORY_0005736	LOC107644476,arharahy.Tifrunner.gnm1.Arahy.15g03355	arharahy.Tifrunner.gnm1.Arahy.09g03041,ardaradu.V14167.gnm1.Aradu.A04g02869	LOC107619201,arharahy.Tifrunner.gnm1.Arahy.19g03606																		
OG0002524_99	CHL_0012860,DUN_0015149,AMB_0000787,ASP_0026818,ORY_0009959,BRA_0006451,CIN_0022713,LIR_0031628,GIN_0006779,ARA_0021308,CEC_0007552,GLY_0073428,PHA_0022524,MED_0003717,LOC107617920,arharahy.Tifrunner.gnm1.Arahy.19g02214,CUC_0017829,POP_0038721,PRU_0018116,VIT_0021650,SOL_0003675,COF_0018989,MIM_0030264,HEL_0029549,ACT_0023958,AQU_0030927,NYM_0009387,CER_0051316	PHA_0019817,GLY_0059738,MED_0030900,ardaradu.V14167.gnm1.Aradu.A05g02305,arharahy.Tifrunner.gnm1.Arahy.05g02195	ardaradu.V14167.gnm1.Aradu.A09g02086,arharahy.Tifrunner.gnm1.Arahy.09g01945	CER_0050934,MAR_0003042																					
OG0002527_99	CHL_0005595,DUN_0010077,MAR_0015893,GIN_0013075,CIN_0016391,LIR_0025383,ASP_0002583,BRA_0051864,ORY_0002478,AQU_0040031,CEC_0007098,PHA_0016053,GLY_0051395,MED_0028888,LOC107644009,arharahy.Tifrunner.gnm1.Arahy.15g02658,CUC_0026031,PRU_0033039,ARA_0026958,HEL_0020234,VIT_0000618,NYM_0039004,CER_0023169	ACT_0033377,COF_0009790,MIM_0023261,SOL_0026699,HEL_0046013,ARA_0004774,CUC_0019695,PRU_0043572,POP_0037319,CEC_0011262,PHA_0006845,GLY_0031465,MED_0007867,LOC107638646,arharahy.Tifrunner.gnm1.Arahy.11g02839,VIT_0024753,AQU_0006378,CIN_0002697,LIR_0001722	COF_0017248,MIM_0032023,SOL_0013427,HEL_0014720,ACT_0029983	AMB_0010365,CEC_0005174	ardaradu.V14167.gnm1.Aradu.A05g03187,arharahy.Tifrunner.gnm1.Arahy.05g03065	ardaradu.V14167.gnm1.Aradu.A01g02825,arharahy.Tifrunner.gnm1.Arahy.01g02762																			
OG0002528_99	CHL_0002250,DUN_0008972,ACT_0038551,HEL_0031652,LIR_0034292,CIN_0024449,GIN_0019002,VIT_0020678,COF_0021767,SOL_0014700,AMB_0006412,AQU_0015112,CEC_0028905,PHA_0015448,GLY_0048039,LOC107644918,arharahy.Tifrunner.gnm1.Arahy.15g03994,MED_0038834,CUC_0002615,POP_0003166	ARA_0013406,CUC_0021417,ASP_0016509,CEC_0021887,GLY_0056639,PHA_0012254,LOC107614342,ardaradu.V14167.gnm1.Aradu.A07g02754,arharahy.Tifrunner.gnm1.Arahy.07g02323,MED_0009270,ACT_0030115,NYM_0028615	AMB_0019772,NYM_0029093,CER_0027879,MAR_0020324,COF_0014013,HEL_0022856,MIM_0030338,SOL_0014012	BRA_0016864,ORY_0038158,MIM_0028423,VIT_0024014	ARA_0009540,arharahy.Tifrunner.gnm1.Arahy.04g02305,PRU_0017765	LOC107639707,ardaradu.V14167.gnm1.Aradu.A04g02520																			
OG0004376_65	CHL_0018660,DUN_0015092,MAR_0006504,CER_0042437,GIN_0016369,NYM_0016943,AMB_0018292,ASP_0020916,ORY_0018644,BRA_0046964,CIN_0018833,LIR_0042486,ACT_0015394,HEL_0036839,COF_0012125,MIM_0025764,SOL_0018433,ARA_0021430,POP_0013393,CEC_0021380,PHA_0021678,GLY_0000100,MED_0038069,LOC107630358,arharahy.Tifrunner.gnm1.Arahy.13g02462,ardaradu.V14167.gnm1.Aradu.A03g02083,CUC_0027830,PRU_0004821,VIT_0018749,AQU_0014155																								
OG0004390_65	CHL_0002015,DUN_0009938,MAR_0017469,ARA_0008488,GIN_0008191,PRU_0032875,AMB_0019920,NYM_0006395,ASP_0001954,BRA_0032452,ORY_0012718,CIN_0021237,LIR_0035664,AQU_0006807,VIT_0013065,HEL_0043016,COF_0016670,SOL_0015777,ACT_0036472,MIM_0008842,GLY_0043801,PHA_0000662,MED_0020387,LOC107613184,arharahy.Tifrunner.gnm1.Arahy.18g02565,CEC_0025941,CUC_0025927,POP_0004028,CER_0028188	ardaradu.V14167.gnm1.Aradu.A02g01101,arharahy.Tifrunner.gnm1.Arahy.02g01124	LOC107625101,arharahy.Tifrunner.gnm1.Arahy.12g01273	ardaradu.V14167.gnm1.Aradu.A08g02265,arharahy.Tifrunner.gnm1.Arahy.08g02295																					
OG0004411_65	CHL_0001160,DUN_0000077,CER_0025039,GIN_0022881,AMB_0012146,NYM_0036896,ASP_0024212,BRA_0016056,ORY_0028748,CIN_0020194,LIR_0021031,POP_0006674,ARA_0024936,CEC_0024139,GLY_0044819,ardaradu.V14167.gnm1.Adur2035g00001,arharahy.Tifrunner.gnm1.Arahy.05g01107,CUC_0002702,PRU_0045601,VIT_0010260,COF_0003795,MIM_0006807,SOL_0010362,HEL_0003836,ACT_0004603,AQU_0034963,MAR_0004935	PHA_0009129,GLY_0004829,MED_0015852	LOC107617783,arharahy.Tifrunner.gnm1.Arahy.19g01128																						
OG0004434_65	CHL_0018315,DUN_0008915,AMB_0016167,NYM_0032985,CER_0026622,MAR_0012594,GIN_0018790,ASP_0003658,ORY_0024759,BRA_0046191,CIN_0013614,LIR_0005661,AQU_0017577,ARA_0011870,POP_0024611,CUC_0001785,PRU_0023077,CEC_0017171,PHA_0003734,GLY_0014967,MED_0022048,ardaradu.V14167.gnm1.Aradu.A01g02308,arharahy.Tifrunner.gnm1.Arahy.01g02175,VIT_0014772,COF_0020560,SOL_0019544,MIM_0018730,HEL_0033570,ACT_0030921	ardaradu.V14167.gnm1.Aradu.A01g01724,arharahy.Tifrunner.gnm1.Arahy.01g01680	LOC107618163,arharahy.Tifrunner.gnm1.Arahy.11g01620	ardaradu.V14167.gnm1.Aradu.A08g01581,arharahy.Tifrunner.gnm1.Arahy.08g01608	LOC107642965,arharahy.Tifrunner.gnm1.Arahy.15g01001	ardaradu.V14167.gnm1.Aradu.A05g00978,arharahy.Tifrunner.gnm1.Arahy.05g00973																			
OG0004443_65	CHL_0010313,DUN_0006872,CER_0007913,GIN_0006481,CIN_0010409,LIR_0042225,AQU_0021294,ARA_0018276,POP_0031013,PRU_0036057,CEC_0031458,PHA_0000180,GLY_0022388,MED_0017554,LOC107618487,ardaradu.V14167.gnm1.Aradu.A09g00296,arharahy.Tifrunner.gnm1.Arahy.09g00300,CUC_0004393,VIT_0028758,COF_0011531,MIM_0010147,SOL_0029669,HEL_0005821,ACT_0035565,ASP_0022700,ORY_0016546,BRA_0042200,AMB_0010288,NYM_0008567,MAR_0020958	COF_0011532,SOL_0030492																							
OG0004444_65	CHL_0012708,DUN_0005506,BRA_0056529,ORY_0021811,ASP_0008622,CIN_0014476,LIR_0010762,AMB_0013444,MAR_0022608,CER_0035784,GIN_0006384,VIT_0031308,NYM_0009181,COF_0009619,ARA_0023162,CEC_0011599,GLY_0039024,PHA_0000019,LOC107622481,arharahy.Tifrunner.gnm1.Arahy.20g02247,MED_0027663,CUC_0026844,PRU_0040814,POP_0043505,MIM_0006295,SOL_0003284,HEL_0013499,ACT_0024475,AQU_0025742	ardaradu.V14167.gnm1.Aradu.A10g02025,arharahy.Tifrunner.gnm1.Arahy.10g01872	LOC107625307,arharahy.Tifrunner.gnm1.Arahy.12g01547	ardaradu.V14167.gnm1.Aradu.A02g01372,arharahy.Tifrunner.gnm1.Arahy.02g01397																					
OG0004445_65	CHL_0003051,DUN_0011273,MAR_0009067,GIN_0019257,BRA_0025647,ORY_0020946,ASP_0025292,AMB_0007673,NYM_0010618,CIN_0016040,LIR_0041226,CUC_0006983,PRU_0009704,ARA_0022727,CEC_0021393,GLY_0028062,PHA_0012470,MED_0038868,LOC107625159,arharahy.Tifrunner.gnm1.Arahy.12g01374,POP_0027129,VIT_0029714,COF_0018158,SOL_0013769,MIM_0031019,HEL_0039686,ACT_0026516,AQU_0010441,CER_0058267	LOC107622510,arharahy.Tifrunner.gnm1.Arahy.20g03506	ardaradu.V14167.gnm1.Aradu.A10g03261,arharahy.Tifrunner.gnm1.Arahy.10g03061	ardaradu.V14167.gnm1.Aradu.A02g01188,arharahy.Tifrunner.gnm1.Arahy.02g01220																					
OG0004446_65	CHL_0012957,DUN_0010622,CER_0026143,MAR_0013920,GIN_0024937,AMB_0013634,ASP_0017911,ORY_0000631,BRA_0049891,CIN_0015577,LIR_0011178,AQU_0027406,ARA_0015646,CUC_0012635,PRU_0015545,CEC_0026074,MED_0027262,GLY_0006299,PHA_0018884,LOC107609531,arharahy.Tifrunner.gnm1.Arahy.17g01530,POP_0008953,VIT_0024469,ACT_0031594,COF_0001482,HEL_0030369,MIM_0006891,SOL_0021746,NYM_0043157	ardaradu.V14167.gnm1.Aradu.A07g01375,arharahy.Tifrunner.gnm1.Arahy.07g01332																							
OG0004449_65	CHL_0013949,DUN_0002272,MAR_0023507,CER_0037596,GIN_0013878,AMB_0013482,LIR_0028847,CIN_0019516,BRA_0023514,ORY_0033657,ASP_0001288,VIT_0028979,ARA_0009102,POP_0007268,PRU_0032413,CEC_0031556,GLY_0012620,PHA_0010760,MED_0002366,LOC107614162,arharahy.Tifrunner.gnm1.Arahy.18g01412,CUC_0007826,ACT_0035041,SOL_0008769,COF_0011646,MIM_0009825,HEL_0042202,AQU_0022360,NYM_0001751	ardaradu.V14167.gnm1.Aradu.A08g02086,arharahy.Tifrunner.gnm1.Arahy.08g02113																							
OG0004452_65	CHL_0001508,DUN_0003644,CER_0018874,MAR_0011217,GIN_0007898,NYM_0008053,AMB_0019102,ASP_0019879,ORY_0030319,BRA_0025200,CIN_0021266,LIR_0008857,ARA_0022313,CUC_0001791,PRU_0024346,POP_0025344,CEC_0013287,PHA_0001170,GLY_0022738,LOC107618535,arharahy.Tifrunner.gnm1.Arahy.19g00780,ACT_0038741,COF_0019689,MIM_0020365,SOL_0019968,HEL_0038259,AQU_0006820,VIT_0017278	PHA_0015913,GLY_0066861,MED_0032504	LOC107633544,arharahy.Tifrunner.gnm1.Arahy.13g03385	ardaradu.V14167.gnm1.Aradu.A09g00656,arharahy.Tifrunner.gnm1.Arahy.09g00668	LOC107609165,arharahy.Tifrunner.gnm1.Arahy.17g01970																				
OG0004471_64	CHL_0018967,DUN_0006248,MAR_0005658,CER_0035140,GIN_0019547,AMB_0020089,NYM_0001317,CIN_0023940,LIR_0038554,ASP_0015993,BRA_0036364,ORY_0019929,ARA_0009179,POP_0004546,CEC_0007651,GLY_0037862,PHA_0023488,LOC107622703,arharahy.Tifrunner.gnm1.Arahy.20g03340,PRU_0005569,CUC_0014163,VIT_0007076,COF_0015001,SOL_0007422,MIM_0021798,HEL_0028268,ACT_0002522,AQU_0021390	ardaradu.V14167.gnm1.Aradu.A10g03117,arharahy.Tifrunner.gnm1.Arahy.10g02880	BRA_0051434,ORY_0000205	GLY_0064115,MED_0005191																					
OG0004472_64	MAR_0019387,GIN_0014737,AMB_0020030,NYM_0008975,ORY_0027831,BRA_0053932,ASP_0011936,CIN_0023866,LIR_0034608,ARA_0015659,CUC_0023798,CEC_0022271,PHA_0013811,GLY_0043859,MED_0020461,LOC107629802,arharahy.Tifrunner.gnm1.Arahy.13g01885,POP_0011622,PRU_0032302,SOL_0017488,COF_0013756,MIM_0029036,HEL_0032506,ACT_0029542,VIT_0019441,AQU_0025121,CER_0029514,CHL_0003403,DUN_0010268	CHL_0002622,DUN_0007417	ardaradu.V14167.gnm1.Aradu.A03g01485,arharahy.Tifrunner.gnm1.Arahy.03g01655																						
OG0004474_64	ORY_0020943,BRA_0015492,ASP_0012042,AMB_0002675,MAR_0007976,CER_0064362,GIN_0025370,NYM_0035519,CIN_0022660,LIR_0028876,ARA_0000488,PRU_0025010,POP_0032893,CUC_0000870,CEC_0016303,PHA_0005627,GLY_0058558,MED_0040196,LOC107623358,arharahy.Tifrunner.gnm1.Arahy.20g00041,VIT_0014401,ACT_0010006,SOL_0020208,MIM_0018876,COF_0012395,HEL_0032672,AQU_0034843,CHL_0003149,DUN_0012122	PHA_0034286,GLY_0001912,MED_0025360,LOC107642455,arharahy.Tifrunner.gnm1.Arahy.05g00278	ardaradu.V14167.gnm1.Aradu.A01g00731,arharahy.Tifrunner.gnm1.Arahy.01g01050																						
OG0004478_64	CHL_0005284,DUN_0013445,MAR_0000861,GIN_0001202,AMB_0019938,NYM_0004980,CIN_0010443,LIR_0036788,AQU_0013779,ASP_0017530,BRA_0021224,ORY_0030945,ARA_0023294,POP_0005631,CEC_0006613,PHA_0028329,GLY_0068721,MED_0035157,LOC107622226,arharahy.Tifrunner.gnm1.Arahy.10g03133,ardaradu.V14167.gnm1.Aradu.A10g03321,CUC_0025759,PRU_0029905,VIT_0003000,HEL_0041859,SOL_0032957,MIM_0009566,COF_0021645,ACT_0031532,CER_0042798	LOC107604707,ardaradu.V14167.gnm1.Aradu.A06g02248,arharahy.Tifrunner.gnm1.Arahy.06g02094	LOC107623999,arharahy.Tifrunner.gnm1.Arahy.20g03578																						
OG0004480_64	DUN_0012390,CHL_0009190,MAR_0005307,GIN_0018542,AMB_0004381,ASP_0015953,CIN_0023544,LIR_0008574,ARA_0016404,CEC_0007920,PHA_0024906,GLY_0037436,MED_0004768,LOC107618970,arharahy.Tifrunner.gnm1.Arahy.19g02982,POP_0037144,PRU_0000216,CUC_0023695,BRA_0053956,ORY_0024712,VIT_0019861,COF_0006717,SOL_0012493,MIM_0008702,ACT_0000917,AQU_0024977,NYM_0010283,CER_0047680	ACT_0012297,COF_0001079,MIM_0007934,SOL_0006545,ARA_0027404,CEC_0022732,MED_0019345,ardaradu.V14167.gnm1.Aradu.A03g00132,LOC107629244,arharahy.Tifrunner.gnm1.Arahy.13g00356,HEL_0025752,VIT_0024337	HEL_0027030,SOL_0011087	ardaradu.V14167.gnm1.Aradu.A09g03630,arharahy.Tifrunner.gnm1.Arahy.09g03540																					
OG0004485_64	GIN_0024552,AMB_0008256,NYM_0026925,ASP_0025294,ORY_0009496,BRA_0006082,ARA_0012277,POP_0019211,CEC_0022201,PHA_0011556,GLY_0045072,MED_0009690,arharahy.Tifrunner.gnm1.Arahy.18g01127,LOC107614469,CUC_0004256,PRU_0021237,VIT_0023269,COF_0014300,MIM_0029619,SOL_0000636,HEL_0038744,ACT_0037940,AQU_0034566,CIN_0016620,LIR_0041661,MAR_0000613,CER_0041040,DUN_0002211,CHL_0011131	PHA_0013496,GLY_0021349,MED_0020568,LOC107630150,arharahy.Tifrunner.gnm1.Arahy.13g01968	ardaradu.V14167.gnm1.Aradu.A08g01921,arharahy.Tifrunner.gnm1.Arahy.08g01939	ardaradu.V14167.gnm1.Aradu.A03g01582,arharahy.Tifrunner.gnm1.Arahy.03g01740																					
OG0004491_64	MAR_0008071,CER_0024980,GIN_0002817,AMB_0016626,NYM_0035685,ASP_0012939,BRA_0038596,ORY_0031677,CIN_0015138,LIR_0004540,HEL_0006938,ARA_0001711,CEC_0030805,GLY_0007761,PHA_0000009,MED_0018087,LOC107625933,arharahy.Tifrunner.gnm1.Arahy.12g02707,CUC_0020331,PRU_0004934,POP_0002302,VIT_0012007,ACT_0001003,COF_0008013,SOL_0004817,MIM_0026493,AQU_0017195,DUN_0008762	LOC107625966,arharahy.Tifrunner.gnm1.Arahy.12g02769,ardaradu.V14167.gnm1.Aradu.A02g02591	CHL_0003185,DUN_0009923	ardaradu.V14167.gnm1.Aradu.A02g02538,arharahy.Tifrunner.gnm1.Arahy.02g02421	DUN_0008773,CHL_0009944																				
OG0004492_64	CHL_0014288,DUN_0013776,GIN_0020486,AMB_0016339,NYM_0016113,ASP_0021892,BRA_0004656,ORY_0035739,CIN_0023295,LIR_0013301,ARA_0002885,POP_0017776,CEC_0023159,GLY_0053475,PHA_0025668,MED_0026941,LOC107605659,arharahy.Tifrunner.gnm1.Arahy.06g03291,ardaradu.V14167.gnm1.Aradu.A06g03564,CUC_0021204,PRU_0041113,VIT_0010118,ACT_0001182,COF_0002261,SOL_0011729,MIM_0005316,HEL_0040739,AQU_0032971,CER_0058588,MAR_0016854																								
OG0004493_64	CHL_0013363,DUN_0001292,GIN_0014089,MAR_0004075,CER_0053308,BRA_0006010,ORY_0008648,ASP_0016702,CIN_0019562,LIR_0044619,VIT_0023234,ARA_0021875,CEC_0022193,PHA_0013163,GLY_0021343,LOC107630142,arharahy.Tifrunner.gnm1.Arahy.13g01975,MED_0038205,PRU_0020176,POP_0029323,CUC_0020967,COF_0014291,HEL_0043839,ACT_0001665,MIM_0028736,SOL_0016552,AQU_0013248,NYM_0008710,AMB_0008727	ardaradu.V14167.gnm1.Aradu.A03g01592,arharahy.Tifrunner.gnm1.Arahy.03g01749	arharahy.Tifrunner.gnm1.Arahy.18g01136,LOC107614197	ardaradu.V14167.gnm1.Aradu.A08g01929,arharahy.Tifrunner.gnm1.Arahy.08g01945																					
OG0004494_64	CHL_0001567,DUN_0004488,MAR_0005079,CER_0073193,AMB_0016122,NYM_0032898,CIN_0022968,LIR_0012393,ASP_0023402,AQU_0001468,ARA_0026251,POP_0040478,PRU_0046947,CEC_0023231,GLY_0011188,PHA_0007066,MED_0016836,ardaradu.V14167.gnm1.Aradu.A08g00180,LOC107609879,arharahy.Tifrunner.gnm1.Arahy.17g02497,HEL_0036378,CUC_0029877,VIT_0009629,ACT_0035992,COF_0009319,SOL_0009913,MIM_0024939	CEC_0007387,PHA_0020255,GLY_0033057,MED_0031006,LOC107644213,arharahy.Tifrunner.gnm1.Arahy.15g02978,POP_0012908,CUC_0008512,PRU_0022698,VIT_0006270,ACT_0001737,HEL_0007232	AMB_0020760,NYM_0034146,GIN_0009688	BRA_0028258,ORY_0005928,ASP_0012438	ardaradu.V14167.gnm1.Aradu.A05g02987,arharahy.Tifrunner.gnm1.Arahy.05g02839																				
OG0004495_64	CHL_0008542,DUN_0013482,MAR_0009066,GIN_0015751,AMB_0005816,ASP_0018181,BRA_0015900,ORY_0008943,CIN_0021371,LIR_0015828,AQU_0036070,ARA_0012106,POP_0013362,GLY_0023097,PHA_0002585,MED_0036312,LOC107625103,arharahy.Tifrunner.gnm1.Arahy.04g01519,CEC_0014918,PRU_0039106,CUC_0029784,VIT_0015051,COF_0013423,SOL_0018984,MIM_0010933,HEL_0016918,ACT_0001767,NYM_0023089,CER_0068056	ardaradu.V14167.gnm1.Aradu.A01g00154,arharahy.Tifrunner.gnm1.Arahy.01g00178																							
OG0004506_64	MAR_0011900,GIN_0017793,AMB_0002743,NYM_0029359,CIN_0011912,LIR_0013297,ARA_0017113,POP_0006563,CEC_0006429,GLY_0035863,PHA_0024550,MED_0020873,LOC107625463,arharahy.Tifrunner.gnm1.Arahy.12g01931,ardaradu.V14167.gnm1.Aradu.A06g03299,CUC_0025672,PRU_0027002,VIT_0002771,ACT_0005121,COF_0016282,SOL_0018230,MIM_0022023,HEL_0003411,AQU_0001170,ASP_0000979,ORY_0030108,BRA_0002833,CER_0036851,CHL_0018025,DUN_0009399	ardaradu.V14167.gnm1.Aradu.A01g00116,arharahy.Tifrunner.gnm1.Arahy.01g00127	LOC107625401,arharahy.Tifrunner.gnm1.Arahy.11g00865	ardaradu.V14167.gnm1.Aradu.A02g01748,arharahy.Tifrunner.gnm1.Arahy.02g01681																					
OG0007933_40	CHL_0005781,DUN_0014083,MAR_0007003,GIN_0010342,AMB_0018451,ASP_0017724,BRA_0044657,ORY_0024397,CIN_0018289,LIR_0035352,AQU_0031123,ARA_0018936,POP_0024081,CEC_0030645,GLY_0008724,PHA_0001006,MED_0037281,LOC107618388,arharahy.Tifrunner.gnm1.Arahy.19g00811,CUC_0012709,PRU_0016693,VIT_0025033,ACT_0003845,COF_0000014,SOL_0027429,MIM_0003869,HEL_0021758,NYM_0040146,CER_0010457	ardaradu.V14167.gnm1.Aradu.A09g00682,arharahy.Tifrunner.gnm1.Arahy.09g00696																							
OG0007937_40	CHL_0002665,DUN_0001164,MAR_0014303,CER_0061077,GIN_0005934,AMB_0012411,CIN_0015242,LIR_0045792,ASP_0016634,BRA_0001144,ORY_0018808,AQU_0027654,ARA_0022118,CUC_0028197,PRU_0004774,CEC_0021273,PHA_0014873,GLY_0056291,MED_0039000,LOC107613437,arharahy.Tifrunner.gnm1.Arahy.18g02554,ardaradu.V14167.gnm1.Aradu.A08g02259,COF_0008818,SOL_0002903,MIM_0004980,VIT_0004540,ACT_0003325,HEL_0003955,POP_0044141,NYM_0014173																								
OG0007968_40	CHL_0008173,DUN_0015384,MAR_0014051,CER_0074310,GIN_0010383,AMB_0001823,NYM_0014458,CIN_0018583,ASP_0022889,BRA_0034630,ORY_0009412,AQU_0010594,ARA_0006557,PRU_0007359,CUC_0008305,POP_0010369,CEC_0028820,PHA_0009436,GLY_0011010,MED_0017019,LOC107609158,arharahy.Tifrunner.gnm1.Arahy.17g02164,VIT_0008247,ACT_0003674,MIM_0027542,SOL_0027089,COF_0007328,HEL_0038327,LIR_0013732	ardaradu.V14167.gnm1.Aradu.A07g02018,arharahy.Tifrunner.gnm1.Arahy.07g01856	LOC107613726,arharahy.Tifrunner.gnm1.Arahy.18g01530	ardaradu.V14167.gnm1.Aradu.A07g02539,arharahy.Tifrunner.gnm1.Arahy.07g02528																					
OG0007983_40	CHL_0016361,DUN_0000375,BRA_0025731,ORY_0031975,NYM_0013314,ASP_0022607,LIR_0018035,CIN_0020252,ARA_0009119,POP_0044697,VIT_0004768,ACT_0039582,CUC_0022073,GIN_0001533,COF_0004902,SOL_0032446,HEL_0033677,MIM_0019877,CEC_0015537,GLY_0004502,PHA_0005203,ardaradu.V14167.gnm1.Aradu.A05g03403,LOC107643815,arharahy.Tifrunner.gnm1.Arahy.15g02337,MED_0026562,AQU_0038304	AMB_0019411,CER_0072014,MAR_0011830,GIN_0001540	ACT_0007664,PRU_0040134																						
OG0008026_40	CHL_0002245,DUN_0006270,CUC_0028765,ARA_0016098,CER_0056533,GIN_0005665,MAR_0021230,CEC_0005270,PHA_0028533,GLY_0010260,LOC107645657,arharahy.Tifrunner.gnm1.Arahy.16g00752,MED_0036576,POP_0002327,VIT_0021395,AMB_0007751,NYM_0024792,ASP_0018273,BRA_0036381,ORY_0015209,CIN_0008476,LIR_0008502,AQU_0000381,HEL_0036484,MIM_0006923,COF_0002180,ACT_0016563,SOL_0027103,PRU_0033075	LOC107646021,arharahy.Tifrunner.gnm1.Arahy.16g00897	LOC110263152,arharahy.Tifrunner.gnm1.Arahy.16g00896	ardaradu.V14167.gnm1.Aradu.A06g00613,arharahy.Tifrunner.gnm1.Arahy.06g00649																					
OG0008032_40	CHL_0005938,DUN_0002960,GIN_0005589,AMB_0013485,ASP_0009952,BRA_0033909,ORY_0015369,CIN_0015812,LIR_0009717,AQU_0024974,ARA_0026568,POP_0012121,CEC_0026033,GLY_0006315,PHA_0016571,MED_0027312,LOC107606900,arharahy.Tifrunner.gnm1.Arahy.17g01489,CUC_0012665,PRU_0012981,VIT_0024787,ACT_0017877,CER_0065217,MIM_0007220,COF_0001500,SOL_0007647,HEL_0003814,NYM_0024408	CER_0036499,MAR_0013208	ardaradu.V14167.gnm1.Aradu.A07g01326,arharahy.Tifrunner.gnm1.Arahy.07g01291																						
OG0008033_40	CHL_0011605,DUN_0005762,MAR_0007341,GIN_0022720,AMB_0020962,NYM_0004676,CIN_0010104,LIR_0038112,ASP_0016905,AQU_0037100,BRA_0040584,ORY_0016009,PRU_0036277,POP_0035276,VIT_0029769,CEC_0031233,GLY_0057264,PHA_0000652,MED_0038016,LOC107629047,arharahy.Tifrunner.gnm1.Arahy.13g00625,CUC_0006497,HEL_0015788,COF_0011327,MIM_0010765,SOL_0007106,ARA_0014874,ACT_0035136,CER_0067596	ardaradu.V14167.gnm1.Aradu.A07g00536,arharahy.Tifrunner.gnm1.Arahy.07g00513																							
OG0008047_40	CHL_0010851,DUN_0004523,MAR_0020891,CER_0057988,AMB_0002957,NYM_0006850,AQU_0028918,CIN_0017309,LIR_0044845,SOL_0018030,ARA_0020568,HEL_0049805,ASP_0004189,BRA_0020025,ORY_0037395,COF_0016920,MIM_0020137,PRU_0006585,CUC_0001047,VIT_0003927,CEC_0006746,PHA_0029036,GLY_0068529,LOC107604960,ardaradu.V14167.gnm1.Aradu.A06g02470,arharahy.Tifrunner.gnm1.Arahy.06g02361,MED_0034954,POP_0050422,ACT_0032399,GIN_0018371																								
OG0008056_40	CHL_0012432,DUN_0004741,MAR_0023253,GIN_0005954,AMB_0001831,NYM_0009789,AQU_0007543,ASP_0002107,ORY_0027162,BRA_0019151,CIN_0021903,LIR_0010306,CEC_0023115,GLY_0063442,PHA_0028543,MED_0001085,LOC107645350,arharahy.Tifrunner.gnm1.Arahy.16g00003,CUC_0021273,POP_0043243,PRU_0022567,COF_0002212,HEL_0028989,MIM_0006161,ACT_0035692,CER_0047753	ARA_0009881,CUC_0021272,SOL_0010077,VIT_0010340	ardaradu.V14167.gnm1.Aradu.A06g01457,arharahy.Tifrunner.gnm1.Arahy.06g01559																						
OG0008066_40	CHL_0011503,DUN_0007937,MAR_0018657,CER_0050852,GIN_0009154,AMB_0014981,AQU_0042041,ASP_0020570,NYM_0016079,ORY_0029163,BRA_0044563,CIN_0004991,LIR_0032315,ARA_0019294,CEC_0025038,PHA_0032093,GLY_0064056,LOC107631401,arharahy.Tifrunner.gnm1.Arahy.13g04015,MED_0013632,PRU_0033425,CUC_0000030,POP_0031753,ACT_0039820,COF_0018278,MIM_0017591,SOL_0015080,HEL_0004507,VIT_0018936	ardaradu.V14167.gnm1.Aradu.A03g03942,arharahy.Tifrunner.gnm1.Arahy.03g03928																							
OG0008111_39	CHL_0002780,DUN_0015416,MAR_0006917,AMB_0020925,NYM_0008736,LIR_0033707,CIN_0024523,ARA_0008967,CEC_0022257,GLY_0045023,PHA_0010363,LOC107613650,arharahy.Tifrunner.gnm1.Arahy.18g01054,MED_0010201,POP_0011220,CUC_0015550,PRU_0035514,VIT_0013060,ACT_0000601,ASP_0000543,BRA_0043738,ORY_0014090,HEL_0019157,MIM_0030968,COF_0013772,SOL_0018602,AQU_0023934,GIN_0021045,CER_0035148	ardaradu.V14167.gnm1.Aradu.A08g01840,arharahy.Tifrunner.gnm1.Arahy.08g01866																							
OG0008135_39	CHL_0006436,DUN_0012640,CER_0045535,MAR_0006759,GIN_0013109,AMB_0010479,CIN_0011275,AQU_0039819,HEL_0040680,SOL_0011539,COF_0005031,MIM_0000520,POP_0045360,ARA_0012346,CUC_0025312,MED_0026322,PRU_0043488,CEC_0015673,LOC107605073,arharahy.Tifrunner.gnm1.Arahy.16g03006,ASP_0025011,ACT_0005793,BRA_0001111,ORY_0017481,PHA_0005757,GLY_0000821,VIT_0030964,LIR_0022747,NYM_0022724	ardaradu.V14167.gnm1.Aradu.A06g02809,arharahy.Tifrunner.gnm1.Arahy.06g02677																							
OG0008154_39	CHL_0012675,DUN_0007179,MAR_0020572,GIN_0016169,AMB_0021601,BRA_0051787,ORY_0023574,ASP_0021134,NYM_0029562,CIN_0017069,LIR_0026627,AQU_0016905,ARA_0006871,CUC_0023906,CEC_0023921,PHA_0007713,GLY_0011877,MED_0016430,LOC107613516,arharahy.Tifrunner.gnm1.Arahy.18g02924,POP_0039394,PRU_0039008,VIT_0027966,ACT_0011634,COF_0018961,MIM_0002142,SOL_0021195,HEL_0039571,CER_0038783	ardaradu.V14167.gnm1.Aradu.A08g02505,arharahy.Tifrunner.gnm1.Arahy.08g02548																							
OG0008159_39	GIN_0015162,ASP_0002810,BRA_0054799,ORY_0021953,CIN_0016645,LIR_0025231,AMB_0010555,NYM_0037246,AQU_0023687,VIT_0022930,ARA_0020191,CUC_0025584,POP_0019315,CEC_0025124,PHA_0030805,GLY_0030467,LOC107613743,arharahy.Tifrunner.gnm1.Arahy.11g00558,ardaradu.V14167.gnm1.Aradu.A01g00353,MED_0013175,PRU_0013704,COF_0014511,SOL_0018542,MIM_0028951,HEL_0018267,ACT_0029987,MAR_0003611,CER_0024248,DUN_0012891	CHL_0015781,DUN_0012888																							
OG0008161_39	CHL_0010822,DUN_0003789,MAR_0016205,CER_0007192,BRA_0041893,ORY_0033549,AMB_0011232,NYM_0021317,ASP_0012225,CIN_0027206,LIR_0022009,AQU_0041306,COF_0017402,MIM_0030771,SOL_0031426,HEL_0027327,ACT_0014283,ARA_0019190,GIN_0000905,POP_0032867,CEC_0008385,PHA_0020113,GLY_0046144,MED_0029166,LOC107623818,arharahy.Tifrunner.gnm1.Arahy.20g03021,PRU_0033656,CUC_0013127,VIT_0001561	ardaradu.V14167.gnm1.Aradu.A10g02826,arharahy.Tifrunner.gnm1.Arahy.10g02582																							
OG0008173_39	MAR_0010058,GIN_0015234,AMB_0011166,ASP_0000307,BRA_0025552,ORY_0027224,CIN_0002253,LIR_0025538,AQU_0036683,ARA_0020388,CUC_0002153,CEC_0028233,PHA_0032054,GLY_0031111,MED_0007454,LOC107638762,ardaradu.V14167.gnm1.Aradu.A04g00645,arharahy.Tifrunner.gnm1.Arahy.04g00678,PRU_0019271,POP_0007709,HEL_0018531,ACT_0019569,COF_0020882,MIM_0033434,SOL_0011048,VIT_0017658,NYM_0020610,CER_0005172,CHL_0015902,DUN_0006856																								
OG0008177_39	CHL_0003446,DUN_0011521,CER_0044921,MAR_0021506,GIN_0024184,AMB_0006196,NYM_0021872,ASP_0015049,BRA_0044585,ORY_0002956,CIN_0022203,LIR_0012485,AQU_0028284,ARA_0015060,PRU_0039227,CUC_0001596,POP_0016780,CEC_0024275,PHA_0007805,GLY_0012310,MED_0014109,LOC107606123,arharahy.Tifrunner.gnm1.Arahy.17g03261,HEL_0003087,VIT_0009541,COF_0002784,MIM_0025273,SOL_0011677,ACT_0020395	ardaradu.V14167.gnm1.Aradu.A08g00756,arharahy.Tifrunner.gnm1.Arahy.08g00768																							
OG0008199_39	CHL_0010538,DUN_0012936,MAR_0002585,GIN_0011437,BRA_0054720,ORY_0024731,AMB_0008170,NYM_0027787,ASP_0000116,LIR_0006292,AQU_0008527,VIT_0013046,ARA_0025038,POP_0003173,CEC_0027721,PHA_0006741,GLY_0013640,LOC107634617,ardaradu.V14167.gnm1.Aradu.A03g03270,MED_0015609,CUC_0027437,PRU_0017593,COF_0011204,HEL_0015656,SOL_0028763,MIM_0022393,ACT_0038809,CIN_0003059,CER_0063379	LOC107612835,arharahy.Tifrunner.gnm1.Arahy.18g03150,ardaradu.V14167.gnm1.Aradu.A08g02638																							
