tre_name	gf_id	num_ingroup	num_outgroup	outgroup_genes	status
OG0000622_254_T1_27	OG0000622_254	27	0		skip_no_valid_outgroup
OG0000622_254_T2_26	OG0000622_254	26	2	CHL_0004222,SOL_0012491	ok
OG0000622_254_T3_22	OG0000622_254	22	4	ASP_0020588,CHL_0004222,CUC_0022948,ardaradu.V14167.gnm1.Aradu.A09g03327	ok
OG0000622_254_T4_13	OG0000622_254	13	0		skip_no_valid_outgroup
OG0000622_254_T5_9	OG0000622_254	9	0		skip_no_valid_outgroup
OG0000622_254_T6_7	OG0000622_254	7	3	CHL_0004222,MAR_0009187,SOL_0012491	ok
OG0000622_254_T7_4	OG0000622_254	4	2	CEC_0016363,PHA_0003786	ok
OG0000622_254_T8_3	OG0000622_254	3	1	SOL_0030903	ok
OG0000622_254_T9_3	OG0000622_254	3	3	AMB_0014267,CIN_0014522,LIR_0027560	ok
OG0000622_254_T10_2	OG0000622_254	2	2	CHL_0004222,MAR_0009187	ok
OG0000622_254_T11_2	OG0000622_254	2	2	CHL_0004222,MAR_0009187	ok
OG0000622_254_T12_2	OG0000622_254	2	18	AMB_0015029,AQU_0041447,ASP_0020588,CEC_0013176,CER_0005915,COF_0004302,CUC_0022948,HEL_0032404,MED_0006003,MIM_0000394,NYM_0031460,ORY_0002729,PHA_0024310,POP_0004022,PRU_0043513,SOL_0012491,VIT_0020106,ardaradu.V14167.gnm1.Aradu.A09g03327	ok
OG0000622_254_T13_2	OG0000622_254	2	0		skip_no_valid_outgroup
OG0000622_254_T14_2	OG0000622_254	2	0		skip_no_valid_outgroup
OG0000622_254_T15_2	OG0000622_254	2	0		skip_no_valid_outgroup
OG0000622_254_T16_2	OG0000622_254	2	5	CEC_0023151,LOC107609632,MED_0016924,SOL_0030903,ardaradu.V14167.gnm1.Aradu.A08g00258	ok
OG0000622_254_T17_2	OG0000622_254	2	0		skip_no_valid_outgroup
OG0000622_254_T18_2	OG0000622_254	2	0		skip_no_valid_outgroup
OG0000622_254_T19_2	OG0000622_254	2	0		skip_no_valid_outgroup
OG0000622_254_T20_2	OG0000622_254	2	20	AMB_0002630,AQU_0024347,ARA_0003888,ASP_0000388,BRA_0035210,CEC_0028899,CIN_0024981,COF_0021759,HEL_0040894,LIR_0036186,LOC107631511,MED_0021556,MIM_0028493,NYM_0015949,ORY_0016453,PHA_0036717,POP_0034211,VIT_0020057,ardaradu.V14167.gnm1.Aradu.A03g04571,arharahy.Tifrunner.gnm1.Arahy.13g04700	ok
OG0000622_254_T21_2	OG0000622_254	2	0		skip_no_valid_outgroup
OG0000622_254_T22_2	OG0000622_254	2	0		skip_no_valid_outgroup
OG0000629_253_T1_27	OG0000629_253	27	1	DUN_0000344	ok
OG0000629_253_T2_14	OG0000629_253	14	1	ASP_0008456	ok
OG0000629_253_T3_10	OG0000629_253	10	0		skip_no_valid_outgroup
OG0000629_253_T4_8	OG0000629_253	8	2	ARA_0025363,ASP_0008456	ok
OG0000629_253_T5_6	OG0000629_253	6	0		skip_no_valid_outgroup
OG0000629_253_T6_5	OG0000629_253	5	0		skip_no_valid_outgroup
OG0000629_253_T7_4	OG0000629_253	4	0		skip_no_valid_outgroup
OG0000629_253_T8_3	OG0000629_253	3	0		skip_no_valid_outgroup
OG0000629_253_T9_2	OG0000629_253	2	0		skip_no_valid_outgroup
OG0000629_253_T10_2	OG0000629_253	2	1	LOC107647031	ok
OG0000629_253_T11_2	OG0000629_253	2	1	ASP_0008456	ok
OG0000629_253_T12_2	OG0000629_253	2	0		skip_no_valid_outgroup
OG0000629_253_T13_2	OG0000629_253	2	0		skip_no_valid_outgroup
OG0000629_253_T14_2	OG0000629_253	2	0		skip_no_valid_outgroup
OG0000629_253_T15_2	OG0000629_253	2	0		skip_no_valid_outgroup
OG0000629_253_T16_2	OG0000629_253	2	0		skip_no_valid_outgroup
OG0000629_253_T17_2	OG0000629_253	2	0		skip_no_valid_outgroup
OG0000629_253_T18_2	OG0000629_253	2	0		skip_no_valid_outgroup
OG0000629_253_T19_2	OG0000629_253	2	2	LOC107605494,ardaradu.V14167.gnm1.Aradu.A06g03409	ok
OG0000629_253_T20_2	OG0000629_253	2	0		skip_no_valid_outgroup
OG0000629_253_T21_2	OG0000629_253	2	0		skip_no_valid_outgroup
OG0000629_253_T22_2	OG0000629_253	2	0		skip_no_valid_outgroup
OG0000629_253_T23_2	OG0000629_253	2	0		skip_no_valid_outgroup
OG0000629_253_T24_2	OG0000629_253	2	0		skip_no_valid_outgroup
OG0000629_253_T25_2	OG0000629_253	2	0		skip_no_valid_outgroup
OG0000630_253_T1_25	OG0000630_253	25	0		skip_no_valid_outgroup
OG0000630_253_T2_22	OG0000630_253	22	2	MAR_0012015,MIM_0012390	ok
OG0000630_253_T3_20	OG0000630_253	20	4	ASP_0011783,BRA_0016578,GIN_0003936,ORY_0017534	ok
OG0000630_253_T4_15	OG0000630_253	15	1	MAR_0012015	ok
OG0000630_253_T5_9	OG0000630_253	9	0		skip_no_valid_outgroup
OG0000630_253_T6_6	OG0000630_253	6	4	AMB_0019217,CIN_0020976,NYM_0037543,VIT_0017063	ok
OG0000630_253_T7_6	OG0000630_253	6	2	COF_0005834,ardaradu.V14167.gnm1.Aradu.A09g02781	ok
OG0000630_253_T8_5	OG0000630_253	5	7	AMB_0021627,BRA_0034611,CEC_0011103,COF_0009911,CUC_0020761,HEL_0001398,ORY_0033786	ok
OG0000630_253_T9_5	OG0000630_253	5	0		skip_no_valid_outgroup
OG0000630_253_T10_4	OG0000630_253	4	4	AMB_0021627,CEC_0011103,CUC_0020761,HEL_0001398	ok
OG0000630_253_T11_3	OG0000630_253	3	0		skip_no_valid_outgroup
OG0000630_253_T12_2	OG0000630_253	2	0		skip_no_valid_outgroup
OG0000630_253_T13_2	OG0000630_253	2	11	ACT_0013920,ARA_0021633,BRA_0016578,CIN_0006889,CUC_0008176,HEL_0042295,MIM_0012390,ORY_0017534,PRU_0001592,SOL_0031282,VIT_0007626	ok
OG0000630_253_T14_2	OG0000630_253	2	0		skip_no_valid_outgroup
OG0000630_253_T15_2	OG0000630_253	2	0		skip_no_valid_outgroup
OG0000630_253_T16_2	OG0000630_253	2	2	COF_0005834,PRU_0001592	ok
OG0000630_253_T17_2	OG0000630_253	2	0		skip_no_valid_outgroup
OG0000630_253_T18_2	OG0000630_253	2	0		skip_no_valid_outgroup
OG0000630_253_T19_2	OG0000630_253	2	0		skip_no_valid_outgroup
OG0000630_253_T20_2	OG0000630_253	2	0		skip_no_valid_outgroup
OG0000630_253_T21_2	OG0000630_253	2	0		skip_no_valid_outgroup
OG0000630_253_T22_2	OG0000630_253	2	0		skip_no_valid_outgroup
OG0000630_253_T23_2	OG0000630_253	2	0		skip_no_valid_outgroup
OG0000631_253_T1_19	OG0000631_253	19	0		skip_no_valid_outgroup
OG0000631_253_T2_24	OG0000631_253	24	0		skip_no_valid_outgroup
OG0000631_253_T3_24	OG0000631_253	24	0		skip_no_valid_outgroup
OG0000631_253_T4_8	OG0000631_253	8	3	ARA_0015767,CEC_0009246,PHA_0008461	ok
OG0000631_253_T5_5	OG0000631_253	5	0		skip_no_valid_outgroup
OG0000631_253_T6_3	OG0000631_253	3	3	LOC107630983,ardaradu.V14167.gnm1.Aradu.A03g03319,arharahy.Tifrunner.gnm1.Arahy.13g03512	ok
OG0000631_253_T7_2	OG0000631_253	2	0		skip_no_valid_outgroup
OG0000631_253_T8_2	OG0000631_253	2	0		skip_no_valid_outgroup
OG0000631_253_T9_2	OG0000631_253	2	5	ARA_0018284,CEC_0012368,LOC107622644,PHA_0006796,ardaradu.V14167.gnm1.Aradu.A10g02624	ok
OG0000631_253_T10_2	OG0000631_253	2	5	AQU_0032195,ARA_0015767,CEC_0009246,COF_0024630,PHA_0008461	ok
OG0000631_253_T11_2	OG0000631_253	2	0		skip_no_valid_outgroup
OG0000631_253_T12_2	OG0000631_253	2	0		skip_no_valid_outgroup
OG0000633_253_T1_29	OG0000633_253	29	0		skip_no_valid_outgroup
OG0000633_253_T2_23	OG0000633_253	23	3	ASP_0019478,GIN_0003674,LOC107609299	ok
OG0000633_253_T3_18	OG0000633_253	18	0		skip_no_valid_outgroup
OG0000633_253_T4_13	OG0000633_253	13	0		skip_no_valid_outgroup
OG0000633_253_T5_7	OG0000633_253	7	2	HEL_0014416,MIM_0011617	ok
OG0000633_253_T6_5	OG0000633_253	5	7	ARA_0022309,CEC_0012665,GLY_0061079,LOC107609299,MED_0022167,PHA_0004364,ardaradu.V14167.gnm1.Aradu.A07g01009	ok
OG0000633_253_T7_4	OG0000633_253	4	3	CEC_0007756,GLY_0037757,PHA_0023362	ok
OG0000633_253_T8_4	OG0000633_253	4	0		skip_no_valid_outgroup
OG0000633_253_T9_4	OG0000633_253	4	0		skip_no_valid_outgroup
OG0000633_253_T10_2	OG0000633_253	2	3	AMB_0016294,LIR_0005072,ORY_0007715	ok
OG0000633_253_T11_2	OG0000633_253	2	2	AMB_0016294,ORY_0007715	ok
OG0000633_253_T12_2	OG0000633_253	2	0		skip_no_valid_outgroup
OG0000633_253_T13_2	OG0000633_253	2	0		skip_no_valid_outgroup
OG0000633_253_T14_2	OG0000633_253	2	1	ardaradu.V14167.gnm1.Aradu.A04g02967	ok
OG0000633_253_T15_2	OG0000633_253	2	0		skip_no_valid_outgroup
OG0000633_253_T16_2	OG0000633_253	2	0		skip_no_valid_outgroup
OG0000633_253_T17_2	OG0000633_253	2	0		skip_no_valid_outgroup
OG0000637_252_T1_23	OG0000637_252	23	0		skip_no_valid_outgroup
OG0000637_252_T2_21	OG0000637_252	21	0		skip_no_valid_outgroup
OG0000637_252_T3_19	OG0000637_252	19	0		skip_no_valid_outgroup
OG0000637_252_T4_9	OG0000637_252	9	1	COF_0014531	ok
OG0000637_252_T5_5	OG0000637_252	5	2	AMB_0010342,MAR_0013706	ok
OG0000637_252_T6_4	OG0000637_252	4	10	CEC_0024265,COF_0002945,HEL_0049041,LOC107606131,MIM_0005583,PHA_0009271,PRU_0043431,SOL_0011652,VIT_0010756,ardaradu.V14167.gnm1.Aradu.A08g00765	ok
OG0000637_252_T7_4	OG0000637_252	4	5	CEC_0009599,COF_0010675,MED_0032573,PHA_0016566,VIT_0031045	ok
OG0000637_252_T8_3	OG0000637_252	3	1	AMB_0010342	ok
OG0000637_252_T9_3	OG0000637_252	3	0		skip_no_valid_outgroup
OG0000637_252_T10_2	OG0000637_252	2	0		skip_no_valid_outgroup
OG0000637_252_T11_2	OG0000637_252	2	0		skip_no_valid_outgroup
OG0000637_252_T12_2	OG0000637_252	2	3	COF_0014531,LOC107638763,ardaradu.V14167.gnm1.Aradu.A04g00646	ok
OG0000637_252_T13_2	OG0000637_252	2	0		skip_no_valid_outgroup
OG0000637_252_T14_2	OG0000637_252	2	0		skip_no_valid_outgroup
OG0000637_252_T15_2	OG0000637_252	2	1	MED_0007457	ok
OG0000648_249_T1_26	OG0000648_249	26	0		skip_no_valid_outgroup
OG0000648_249_T2_18	OG0000648_249	18	3	AMB_0019306,MAR_0007008,NYM_0028819	ok
OG0000648_249_T3_13	OG0000648_249	13	1	ardaradu.V14167.gnm1.Aradu.A09g00370	ok
OG0000648_249_T4_13	OG0000648_249	13	6	AMB_0019306,ASP_0021456,CUC_0009699,MAR_0007008,NYM_0028819,ORY_0029135	ok
OG0000648_249_T5_6	OG0000648_249	6	3	CEC_0011533,LOC107638965,VIT_0030763	ok
OG0000648_249_T6_6	OG0000648_249	6	2	ARA_0009666,CUC_0009699	ok
OG0000648_249_T7_5	OG0000648_249	5	0		skip_no_valid_outgroup
OG0000648_249_T8_2	OG0000648_249	2	1	MAR_0007008	ok
OG0000648_249_T9_2	OG0000648_249	2	0		skip_no_valid_outgroup
OG0000648_249_T10_2	OG0000648_249	2	0		skip_no_valid_outgroup
OG0000648_249_T11_2	OG0000648_249	2	0		skip_no_valid_outgroup
OG0000648_249_T12_2	OG0000648_249	2	5	ARA_0009666,ASP_0021456,CUC_0009699,MAR_0007008,ORY_0029135	ok
OG0000648_249_T13_2	OG0000648_249	2	1	LOC107638965	ok
OG0000648_249_T14_2	OG0000648_249	2	0		skip_no_valid_outgroup
OG0000648_249_T15_2	OG0000648_249	2	0		skip_no_valid_outgroup
OG0000648_249_T16_2	OG0000648_249	2	0		skip_no_valid_outgroup
OG0000651_249_T1_22	OG0000651_249	22	0		skip_no_valid_outgroup
OG0000651_249_T2_22	OG0000651_249	22	0		skip_no_valid_outgroup
OG0000651_249_T3_22	OG0000651_249	22	1	GIN_0023529	ok
OG0000651_249_T4_20	OG0000651_249	20	3	CUC_0006633,GIN_0023529,MAR_0022041	ok
OG0000651_249_T5_15	OG0000651_249	15	2	MIM_0003128,PHA_0023473	ok
OG0000651_249_T6_15	OG0000651_249	15	0		skip_no_valid_outgroup
OG0000651_249_T7_13	OG0000651_249	13	3	ARA_0018432,CEC_0031423,LOC107614810	ok
OG0000651_249_T8_3	OG0000651_249	3	0		skip_no_valid_outgroup
OG0000651_249_T9_3	OG0000651_249	3	0		skip_no_valid_outgroup
OG0000651_249_T10_3	OG0000651_249	3	5	CEC_0022621,GLY_0049679,PHA_0010970,ardaradu.V14167.gnm1.Aradu.A08g01542,arharahy.Tifrunner.gnm1.Arahy.18g00660	ok
OG0000651_249_T11_2	OG0000651_249	2	0		skip_no_valid_outgroup
OG0000651_249_T12_2	OG0000651_249	2	0		skip_no_valid_outgroup
OG0000651_249_T13_2	OG0000651_249	2	0		skip_no_valid_outgroup
OG0000651_249_T14_2	OG0000651_249	2	0		skip_no_valid_outgroup
OG0000651_249_T15_2	OG0000651_249	2	3	LOC107648004,MED_0036808,ardaradu.V14167.gnm1.Aradu.A06g00411	ok
OG0000651_249_T16_2	OG0000651_249	2	3	CEC_0011169,ardaradu.V14167.gnm1.Aradu.A04g00313,arharahy.Tifrunner.gnm1.Arahy.04g00342	ok
OG0000651_249_T17_2	OG0000651_249	2	3	LOC107638536,ardaradu.V14167.gnm1.Aradu.A04g00313,arharahy.Tifrunner.gnm1.Arahy.04g00342	ok
OG0000651_249_T18_2	OG0000651_249	2	0		skip_no_valid_outgroup
OG0000652_249_T1_26	OG0000652_249	26	0		skip_no_valid_outgroup
OG0000652_249_T2_22	OG0000652_249	22	0		skip_no_valid_outgroup
OG0000652_249_T3_16	OG0000652_249	16	0		skip_no_valid_outgroup
OG0000652_249_T4_10	OG0000652_249	10	1	CUC_0006747	ok
OG0000652_249_T5_9	OG0000652_249	9	1	ardaradu.V14167.gnm1.Aradu.A08g01354	ok
OG0000652_249_T6_5	OG0000652_249	5	0		skip_no_valid_outgroup
OG0000652_249_T7_4	OG0000652_249	4	6	CEC_0005442,CUC_0006747,LOC107626160,MED_0004405,PRU_0006945,ardaradu.V14167.gnm1.Aradu.A02g02839	ok
OG0000652_249_T8_3	OG0000652_249	3	0		skip_no_valid_outgroup
OG0000652_249_T9_3	OG0000652_249	3	0		skip_no_valid_outgroup
OG0000652_249_T10_2	OG0000652_249	2	0		skip_no_valid_outgroup
OG0000652_249_T11_2	OG0000652_249	2	0		skip_no_valid_outgroup
OG0000652_249_T12_2	OG0000652_249	2	0		skip_no_valid_outgroup
OG0000652_249_T13_2	OG0000652_249	2	0		skip_no_valid_outgroup
OG0000652_249_T14_2	OG0000652_249	2	2	ORY_0019841,ardaradu.V14167.gnm1.Aradu.A08g01354	ok
OG0000652_249_T15_2	OG0000652_249	2	7	AMB_0014536,AQU_0023818,ARA_0019569,CEC_0005884,MED_0003107,PHA_0036995,VIT_0003295	ok
OG0000652_249_T16_2	OG0000652_249	2	5	ARA_0019569,CEC_0005884,MED_0003107,PHA_0036995,VIT_0003295	ok
OG0000652_249_T17_2	OG0000652_249	2	0		skip_no_valid_outgroup
OG0000652_249_T18_2	OG0000652_249	2	0		skip_no_valid_outgroup
OG0000652_249_T19_2	OG0000652_249	2	0		skip_no_valid_outgroup
OG0000652_249_T20_2	OG0000652_249	2	0		skip_no_valid_outgroup
OG0000652_249_T21_2	OG0000652_249	2	3	ASP_0009168,ORY_0019841,ardaradu.V14167.gnm1.Aradu.A08g01354	ok
OG0000657_248_T1_27	OG0000657_248	27	0		skip_no_valid_outgroup
OG0000657_248_T2_26	OG0000657_248	26	0		skip_no_valid_outgroup
OG0000657_248_T3_25	OG0000657_248	25	0		skip_no_valid_outgroup
OG0000657_248_T4_14	OG0000657_248	14	2	ARA_0027110,SOL_0024058	ok
OG0000657_248_T5_2	OG0000657_248	2	0		skip_no_valid_outgroup
OG0000657_248_T6_2	OG0000657_248	2	6	AMB_0003052,AQU_0028228,ARA_0027110,ASP_0002652,CIN_0014259,SOL_0024058	ok
OG0000657_248_T7_2	OG0000657_248	2	0		skip_no_valid_outgroup
OG0000657_248_T8_2	OG0000657_248	2	0		skip_no_valid_outgroup
OG0000657_248_T9_2	OG0000657_248	2	0		skip_no_valid_outgroup
OG0000657_248_T10_2	OG0000657_248	2	0		skip_no_valid_outgroup
OG0000657_248_T11_2	OG0000657_248	2	0		skip_no_valid_outgroup
OG0000657_248_T12_2	OG0000657_248	2	0		skip_no_valid_outgroup
OG0000657_248_T13_2	OG0000657_248	2	0		skip_no_valid_outgroup
OG0000658_248_T1_26	OG0000658_248	26	0		skip_no_valid_outgroup
OG0000658_248_T2_23	OG0000658_248	23	0		skip_no_valid_outgroup
OG0000658_248_T3_18	OG0000658_248	18	0		skip_no_valid_outgroup
OG0000658_248_T4_16	OG0000658_248	16	0		skip_no_valid_outgroup
OG0000658_248_T5_15	OG0000658_248	15	7	ARA_0022077,CEC_0024626,GLY_0013868,LOC107623443,PHA_0006652,ardaradu.V14167.gnm1.Aradu.A10g01839,arharahy.Tifrunner.gnm1.Arahy.10g01738	ok
OG0000658_248_T6_8	OG0000658_248	8	2	CEC_0031389,POP_0022705	ok
OG0000658_248_T7_6	OG0000658_248	6	0		skip_no_valid_outgroup
OG0000658_248_T8_6	OG0000658_248	6	2	COF_0015254,MIM_0021628	ok
OG0000658_248_T9_3	OG0000658_248	3	9	ARA_0022077,CEC_0024626,COF_0005675,GLY_0013868,LOC107623443,PHA_0006652,SOL_0023382,ardaradu.V14167.gnm1.Aradu.A10g01839,arharahy.Tifrunner.gnm1.Arahy.10g01738	ok
OG0000658_248_T10_2	OG0000658_248	2	0		skip_no_valid_outgroup
OG0000658_248_T11_2	OG0000658_248	2	1	MAR_0017167	ok
OG0000658_248_T12_2	OG0000658_248	2	1	MAR_0017167	ok
OG0000658_248_T13_2	OG0000658_248	2	1	MAR_0017167	ok
OG0000658_248_T14_2	OG0000658_248	2	1	MAR_0017167	ok
OG0000658_248_T15_2	OG0000658_248	2	0		skip_no_valid_outgroup
OG0000658_248_T16_2	OG0000658_248	2	0		skip_no_valid_outgroup
OG0000658_248_T17_2	OG0000658_248	2	0		skip_no_valid_outgroup
OG0000658_248_T18_2	OG0000658_248	2	0		skip_no_valid_outgroup
OG0000658_248_T19_2	OG0000658_248	2	0		skip_no_valid_outgroup
OG0000658_248_T20_2	OG0000658_248	2	0		skip_no_valid_outgroup
OG0000658_248_T21_2	OG0000658_248	2	0		skip_no_valid_outgroup
OG0000658_248_T22_2	OG0000658_248	2	0		skip_no_valid_outgroup
OG0000658_248_T23_2	OG0000658_248	2	0		skip_no_valid_outgroup
OG0000658_248_T24_2	OG0000658_248	2	0		skip_no_valid_outgroup
OG0000665_247_T1_25	OG0000665_247	25	1	CER_0022795	ok
OG0000665_247_T2_25	OG0000665_247	25	1	DUN_0000145	ok
OG0000665_247_T3_25	OG0000665_247	25	1	DUN_0000145	ok
OG0000665_247_T4_16	OG0000665_247	16	0		skip_no_valid_outgroup
OG0000665_247_T5_14	OG0000665_247	14	4	BRA_0029360,CIN_0003305,NYM_0006960,ORY_0008346	ok
OG0000665_247_T6_6	OG0000665_247	6	0		skip_no_valid_outgroup
OG0000665_247_T7_4	OG0000665_247	4	0		skip_no_valid_outgroup
OG0000665_247_T8_3	OG0000665_247	3	5	ARA_0025320,BRA_0017701,CEC_0011075,POP_0044946,VIT_0030708	ok
OG0000665_247_T9_2	OG0000665_247	2	1	MAR_0024558	ok
OG0000665_247_T10_2	OG0000665_247	2	0		skip_no_valid_outgroup
OG0000665_247_T11_2	OG0000665_247	2	0		skip_no_valid_outgroup
OG0000665_247_T12_2	OG0000665_247	2	5	BRA_0029360,CIN_0003305,DUN_0000145,NYM_0006960,ORY_0008346	ok
OG0000665_247_T13_2	OG0000665_247	2	0		skip_no_valid_outgroup
OG0000665_247_T14_2	OG0000665_247	2	0		skip_no_valid_outgroup
OG0000665_247_T15_2	OG0000665_247	2	1	LOC107615793	ok
OG0000665_247_T16_2	OG0000665_247	2	1	ardaradu.V14167.gnm1.Aradu.A10g02401	ok
OG0000665_247_T17_2	OG0000665_247	2	0		skip_no_valid_outgroup
OG0000665_247_T18_2	OG0000665_247	2	0		skip_no_valid_outgroup
OG0000665_247_T19_2	OG0000665_247	2	0		skip_no_valid_outgroup
OG0000665_247_T20_2	OG0000665_247	2	0		skip_no_valid_outgroup
OG0000665_247_T21_2	OG0000665_247	2	0		skip_no_valid_outgroup
OG0000665_247_T22_2	OG0000665_247	2	0		skip_no_valid_outgroup
OG0000665_247_T23_2	OG0000665_247	2	0		skip_no_valid_outgroup
OG0000667_246_T1_12	OG0000667_246	12	0		skip_no_valid_outgroup
OG0000667_246_T2_25	OG0000667_246	25	0		skip_no_valid_outgroup
OG0000667_246_T3_20	OG0000667_246	20	3	COF_0002585,SOL_0010370,ardaradu.V14167.gnm1.Aradu.A08g00384	ok
OG0000667_246_T4_15	OG0000667_246	15	5	AMB_0014787,LOC107609346,MIM_0011960,VIT_0019586,ardaradu.V14167.gnm1.Aradu.A07g00825	ok
OG0000667_246_T5_14	OG0000667_246	14	1	PHA_0001227	ok
OG0000667_246_T6_9	OG0000667_246	9	2	AMB_0011793,GIN_0010416	ok
OG0000667_246_T7_9	OG0000667_246	9	1	CUC_0019050	ok
OG0000667_246_T8_8	OG0000667_246	8	0		skip_no_valid_outgroup
OG0000667_246_T9_4	OG0000667_246	4	7	AQU_0035769,CEC_0023435,COF_0002585,MED_0015951,PRU_0039067,SOL_0010370,VIT_0011474	ok
OG0000667_246_T10_4	OG0000667_246	4	4	AQU_0035769,MED_0015951,PRU_0039067,SOL_0010370	ok
OG0000667_246_T11_3	OG0000667_246	3	2	AMB_0011793,ORY_0006015	ok
OG0000667_246_T12_3	OG0000667_246	3	1	ORY_0006015	ok
OG0000667_246_T13_2	OG0000667_246	2	0		skip_no_valid_outgroup
OG0000667_246_T14_2	OG0000667_246	2	0		skip_no_valid_outgroup
OG0000667_246_T15_2	OG0000667_246	2	0		skip_no_valid_outgroup
OG0000667_246_T16_2	OG0000667_246	2	0		skip_no_valid_outgroup
OG0000667_246_T17_2	OG0000667_246	2	0		skip_no_valid_outgroup
OG0000667_246_T18_2	OG0000667_246	2	0		skip_no_valid_outgroup
OG0000667_246_T19_2	OG0000667_246	2	0		skip_no_valid_outgroup
OG0000667_246_T20_2	OG0000667_246	2	0		skip_no_valid_outgroup
OG0000667_246_T21_2	OG0000667_246	2	0		skip_no_valid_outgroup
OG0000667_246_T22_2	OG0000667_246	2	0		skip_no_valid_outgroup
OG0000667_246_T23_2	OG0000667_246	2	0		skip_no_valid_outgroup
OG0000669_246_T1_14	OG0000669_246	14	0		skip_no_valid_outgroup
OG0000669_246_T2_7	OG0000669_246	7	1	CUC_0003129	ok
OG0000669_246_T3_4	OG0000669_246	4	0		skip_no_valid_outgroup
OG0000669_246_T4_4	OG0000669_246	4	0		skip_no_valid_outgroup
OG0000669_246_T5_4	OG0000669_246	4	0		skip_no_valid_outgroup
OG0000669_246_T6_4	OG0000669_246	4	0		skip_no_valid_outgroup
OG0000669_246_T7_3	OG0000669_246	3	1	ardaradu.V14167.gnm1.Aradu.A08g01418	ok
OG0000669_246_T8_3	OG0000669_246	3	0		skip_no_valid_outgroup
OG0000669_246_T9_3	OG0000669_246	3	1	CIN_0023377	ok
OG0000669_246_T10_3	OG0000669_246	3	1	ardaradu.V14167.gnm1.Aradu.A09g03592	ok
OG0000669_246_T11_2	OG0000669_246	2	1	ardaradu.V14167.gnm1.Aradu.A09g03592	ok
OG0000669_246_T12_2	OG0000669_246	2	0		skip_no_valid_outgroup
OG0000669_246_T13_2	OG0000669_246	2	0		skip_no_valid_outgroup
OG0000669_246_T14_2	OG0000669_246	2	1	CIN_0023377	ok
OG0000669_246_T15_2	OG0000669_246	2	0		skip_no_valid_outgroup
OG0000669_246_T16_2	OG0000669_246	2	0		skip_no_valid_outgroup
OG0001259_162_T1_29	OG0001259_162	29	0		skip_no_valid_outgroup
OG0001259_162_T2_12	OG0001259_162	12	0		skip_no_valid_outgroup
OG0001259_162_T3_5	OG0001259_162	5	0		skip_no_valid_outgroup
OG0001259_162_T4_3	OG0001259_162	3	0		skip_no_valid_outgroup
OG0001259_162_T5_3	OG0001259_162	3	0		skip_no_valid_outgroup
OG0001259_162_T6_2	OG0001259_162	2	0		skip_no_valid_outgroup
OG0001259_162_T7_2	OG0001259_162	2	3	AMB_0008470,CIN_0005216,COF_0014279	ok
OG0001259_162_T8_2	OG0001259_162	2	0		skip_no_valid_outgroup
OG0001259_162_T9_2	OG0001259_162	2	0		skip_no_valid_outgroup
OG0001260_162_T1_29	OG0001260_162	29	0		skip_no_valid_outgroup
OG0001260_162_T2_20	OG0001260_162	20	4	ARA_0023244,HEL_0001990,MAR_0012545,MIM_0016335	ok
OG0001260_162_T3_5	OG0001260_162	5	7	AQU_0021754,CEC_0016149,CUC_0024832,PRU_0024804,VIT_0022628,ardaradu.V14167.gnm1.Aradu.A05g00086,arharahy.Tifrunner.gnm1.Arahy.05g00089	ok
OG0001260_162_T4_3	OG0001260_162	3	2	ardaradu.V14167.gnm1.Aradu.A05g00086,arharahy.Tifrunner.gnm1.Arahy.05g00089	ok
OG0001260_162_T5_2	OG0001260_162	2	0		skip_no_valid_outgroup
OG0001260_162_T6_2	OG0001260_162	2	0		skip_no_valid_outgroup
OG0001260_162_T7_2	OG0001260_162	2	8	ACT_0020751,AQU_0021754,CEC_0016149,CUC_0024832,PRU_0024804,SOL_0007605,ardaradu.V14167.gnm1.Aradu.A05g00086,arharahy.Tifrunner.gnm1.Arahy.05g00089	ok
OG0001266_162_T1_26	OG0001266_162	26	0		skip_no_valid_outgroup
OG0001266_162_T2_22	OG0001266_162	22	0		skip_no_valid_outgroup
OG0001266_162_T3_6	OG0001266_162	6	0		skip_no_valid_outgroup
OG0001266_162_T4_5	OG0001266_162	5	0		skip_no_valid_outgroup
OG0001266_162_T5_2	OG0001266_162	2	2	CEC_0011495,PRU_0045866	ok
OG0001266_162_T6_2	OG0001266_162	2	0		skip_no_valid_outgroup
OG0001266_162_T7_2	OG0001266_162	2	0		skip_no_valid_outgroup
OG0001266_162_T8_2	OG0001266_162	2	1	ardaradu.V14167.gnm1.Aradu.A10g00024	ok
OG0001266_162_T9_2	OG0001266_162	2	0		skip_no_valid_outgroup
OG0001266_162_T10_2	OG0001266_162	2	0		skip_no_valid_outgroup
OG0001266_162_T11_2	OG0001266_162	2	0		skip_no_valid_outgroup
OG0001266_162_T12_2	OG0001266_162	2	0		skip_no_valid_outgroup
OG0001266_162_T13_2	OG0001266_162	2	5	AQU_0004552,CEC_0011495,COF_0009681,PRU_0045866,VIT_0031422	ok
OG0001266_162_T14_2	OG0001266_162	2	0		skip_no_valid_outgroup
OG0001267_162_T1_28	OG0001267_162	28	1	MAR_0024610	ok
OG0001267_162_T2_23	OG0001267_162	23	2	CER_0049493,CUC_0020683	ok
OG0001267_162_T3_6	OG0001267_162	6	1	ardaradu.V14167.gnm1.Aradu.A02g00372	ok
OG0001267_162_T4_4	OG0001267_162	4	8	ACT_0009636,AQU_0003633,CUC_0020683,MIM_0026210,NYM_0031205,PRU_0004448,SOL_0009135,VIT_0012626	ok
OG0001267_162_T5_4	OG0001267_162	4	8	ACT_0009636,AMB_0016333,AQU_0003633,CUC_0020683,MIM_0026210,PRU_0004448,SOL_0009135,VIT_0012626	ok
OG0001267_162_T6_2	OG0001267_162	2	1	CUC_0020683	ok
OG0001267_162_T7_2	OG0001267_162	2	0		skip_no_valid_outgroup
OG0001267_162_T8_2	OG0001267_162	2	0		skip_no_valid_outgroup
OG0001267_162_T9_2	OG0001267_162	2	0		skip_no_valid_outgroup
OG0001267_162_T10_2	OG0001267_162	2	0		skip_no_valid_outgroup
OG0001267_162_T11_2	OG0001267_162	2	0		skip_no_valid_outgroup
OG0001267_162_T12_2	OG0001267_162	2	0		skip_no_valid_outgroup
OG0001270_161_T1_27	OG0001270_161	27	0		skip_no_valid_outgroup
OG0001270_161_T2_24	OG0001270_161	24	1	ASP_0002551	ok
OG0001270_161_T3_23	OG0001270_161	23	2	ASP_0002551,BRA_0011022	ok
OG0001270_161_T4_22	OG0001270_161	22	2	ASP_0002551,BRA_0011022	ok
OG0001270_161_T5_2	OG0001270_161	2	1	LOC107609950	ok
OG0001270_161_T6_2	OG0001270_161	2	0		skip_no_valid_outgroup
OG0001270_161_T7_2	OG0001270_161	2	0		skip_no_valid_outgroup
OG0001272_161_T1_28	OG0001272_161	28	0		skip_no_valid_outgroup
OG0001272_161_T2_26	OG0001272_161	26	0		skip_no_valid_outgroup
OG0001272_161_T3_13	OG0001272_161	13	1	ardaradu.V14167.gnm1.Aradu.A06g03665	ok
OG0001272_161_T4_3	OG0001272_161	3	2	LOC107642841,ardaradu.V14167.gnm1.Aradu.A05g00807	ok
OG0001272_161_T5_2	OG0001272_161	2	0		skip_no_valid_outgroup
OG0001272_161_T6_2	OG0001272_161	2	0		skip_no_valid_outgroup
OG0001272_161_T7_2	OG0001272_161	2	0		skip_no_valid_outgroup
OG0001272_161_T8_2	OG0001272_161	2	0		skip_no_valid_outgroup
OG0001272_161_T9_2	OG0001272_161	2	0		skip_no_valid_outgroup
OG0001272_161_T10_2	OG0001272_161	2	0		skip_no_valid_outgroup
OG0001272_161_T11_2	OG0001272_161	2	0		skip_no_valid_outgroup
OG0001272_161_T12_2	OG0001272_161	2	0		skip_no_valid_outgroup
OG0001272_161_T13_2	OG0001272_161	2	0		skip_no_valid_outgroup
OG0001272_161_T14_2	OG0001272_161	2	4	CEC_0016636,LOC107642841,PHA_0005516,ardaradu.V14167.gnm1.Aradu.A05g00807	ok
OG0001277_161_T1_29	OG0001277_161	29	0		skip_no_valid_outgroup
OG0001277_161_T2_16	OG0001277_161	16	0		skip_no_valid_outgroup
OG0001277_161_T3_5	OG0001277_161	5	0		skip_no_valid_outgroup
OG0001277_161_T4_5	OG0001277_161	5	0		skip_no_valid_outgroup
OG0001277_161_T5_4	OG0001277_161	4	1	COF_0011449	ok
OG0001277_161_T6_2	OG0001277_161	2	0		skip_no_valid_outgroup
OG0001277_161_T7_2	OG0001277_161	2	0		skip_no_valid_outgroup
OG0001277_161_T8_2	OG0001277_161	2	0		skip_no_valid_outgroup
OG0001277_161_T9_2	OG0001277_161	2	0		skip_no_valid_outgroup
OG0001278_161_T1_27	OG0001278_161	27	0		skip_no_valid_outgroup
OG0001278_161_T2_24	OG0001278_161	24	0		skip_no_valid_outgroup
OG0001278_161_T3_5	OG0001278_161	5	3	LOC107632142,ardaradu.V14167.gnm1.Aradu.A03g04903,arharahy.Tifrunner.gnm1.Arahy.13g05073	ok
OG0001278_161_T4_3	OG0001278_161	3	10	AQU_0033236,ARA_0026595,CEC_0013041,CIN_0000234,COF_0005538,LOC107623286,SOL_0012161,VIT_0004585,ardaradu.V14167.gnm1.Aradu.A10g00744,arharahy.Tifrunner.gnm1.Arahy.10g00774	ok
OG0001278_161_T5_2	OG0001278_161	2	7	ASP_0022052,COF_0022611,LOC107632142,MIM_0028290,SOL_0013437,ardaradu.V14167.gnm1.Aradu.A03g04903,arharahy.Tifrunner.gnm1.Arahy.13g05073	ok
OG0001278_161_T6_2	OG0001278_161	2	0		skip_no_valid_outgroup
OG0001280_161_T1_27	OG0001280_161	27	0		skip_no_valid_outgroup
OG0001280_161_T2_23	OG0001280_161	23	1	VIT_0014504	ok
OG0001280_161_T3_6	OG0001280_161	6	3	ASP_0025659,CER_0057318,LIR_0004515	ok
OG0001280_161_T4_5	OG0001280_161	5	3	ASP_0025659,CER_0057318,LIR_0004515	ok
OG0001280_161_T5_3	OG0001280_161	3	2	CER_0057318,LIR_0004515	ok
OG0001280_161_T6_3	OG0001280_161	3	0		skip_no_valid_outgroup
OG0001280_161_T7_3	OG0001280_161	3	2	ASP_0025659,CER_0057318	ok
OG0001280_161_T8_2	OG0001280_161	2	9	AQU_0042050,ARA_0013452,CEC_0016290,CIN_0006835,CUC_0015811,GIN_0026896,MIM_0019810,ORY_0023995,VIT_0014504	ok
OG0001280_161_T9_2	OG0001280_161	2	1	LOC107638629	ok
OG0001280_161_T10_2	OG0001280_161	2	2	CER_0057318,LIR_0004515	ok
OG0001280_161_T11_2	OG0001280_161	2	0		skip_no_valid_outgroup
OG0001280_161_T12_2	OG0001280_161	2	4	ASP_0025659,CER_0057318,LIR_0004515,VIT_0014504	ok
OG0001280_161_T13_2	OG0001280_161	2	1	LOC107638629	ok
OG0001284_160_T1_28	OG0001284_160	28	0		skip_no_valid_outgroup
OG0001284_160_T2_16	OG0001284_160	16	0		skip_no_valid_outgroup
OG0001284_160_T3_4	OG0001284_160	4	6	ACT_0007990,CEC_0008562,COF_0017516,LOC107623510,PHA_0005257,ardaradu.V14167.gnm1.Aradu.A10g03028	ok
OG0001284_160_T4_2	OG0001284_160	2	1	CUC_0025136	ok
OG0001284_160_T5_2	OG0001284_160	2	0		skip_no_valid_outgroup
OG0001284_160_T6_2	OG0001284_160	2	0		skip_no_valid_outgroup
OG0001284_160_T7_2	OG0001284_160	2	1	ardaradu.V14167.gnm1.Aradu.A10g03028	ok
OG0001284_160_T8_2	OG0001284_160	2	1	MED_0017131	ok
OG0001285_160_T1_25	OG0001285_160	25	0		skip_no_valid_outgroup
OG0001285_160_T2_11	OG0001285_160	11	4	ARA_0000532,ASP_0005349,LIR_0030793,ardaradu.V14167.gnm1.Aradu.A03g04252	ok
OG0001285_160_T3_11	OG0001285_160	11	0		skip_no_valid_outgroup
OG0001285_160_T4_10	OG0001285_160	10	2	AMB_0016578,ASP_0005349	ok
OG0001285_160_T5_5	OG0001285_160	5	0		skip_no_valid_outgroup
OG0001285_160_T6_3	OG0001285_160	3	6	CEC_0005694,COF_0001870,MED_0035671,PHA_0024962,SOL_0023673,VIT_0021441	ok
OG0001285_160_T7_3	OG0001285_160	3	4	CEC_0005694,COF_0001870,PHA_0024962,SOL_0023673	ok
OG0001285_160_T8_3	OG0001285_160	3	15	AMB_0016578,ARA_0000532,ASP_0005349,CEC_0016482,COF_0018067,CUC_0002012,HEL_0004325,LIR_0030793,LOC107631822,MED_0025118,MIM_0032026,PHA_0035248,PRU_0030166,VIT_0028630,ardaradu.V14167.gnm1.Aradu.A03g04252	ok
OG0001285_160_T9_3	OG0001285_160	3	1	GIN_0020122	ok
OG0001285_160_T10_2	OG0001285_160	2	0		skip_no_valid_outgroup
OG0001285_160_T11_2	OG0001285_160	2	1	ASP_0005349	ok
OG0001285_160_T12_2	OG0001285_160	2	1	ASP_0005349	ok
OG0001285_160_T13_2	OG0001285_160	2	1	ASP_0005349	ok
OG0001285_160_T14_2	OG0001285_160	2	0		skip_no_valid_outgroup
OG0001285_160_T15_2	OG0001285_160	2	0		skip_no_valid_outgroup
OG0001285_160_T16_2	OG0001285_160	2	0		skip_no_valid_outgroup
OG0001285_160_T17_2	OG0001285_160	2	0		skip_no_valid_outgroup
OG0001285_160_T18_2	OG0001285_160	2	13	AMB_0016578,ARA_0000532,ASP_0005349,CEC_0016482,COF_0018067,CUC_0002012,LIR_0030793,LOC107631822,MED_0025118,MIM_0032026,PHA_0035248,PRU_0030166,ardaradu.V14167.gnm1.Aradu.A03g04252	ok
OG0001285_160_T19_2	OG0001285_160	2	14	ACT_0001719,AMB_0016578,ARA_0000532,ASP_0005349,CEC_0016482,CUC_0002012,LIR_0030793,LOC107631822,MED_0025118,PHA_0035248,PRU_0030166,SOL_0014621,VIT_0028630,ardaradu.V14167.gnm1.Aradu.A03g04252	ok
OG0001289_160_T1_24	OG0001289_160	24	0		skip_no_valid_outgroup
OG0001289_160_T2_27	OG0001289_160	27	0		skip_no_valid_outgroup
OG0001289_160_T3_27	OG0001289_160	27	0		skip_no_valid_outgroup
OG0001289_160_T4_19	OG0001289_160	19	3	ARA_0000654,COF_0015139,MIM_0020356	ok
OG0001289_160_T5_2	OG0001289_160	2	0		skip_no_valid_outgroup
OG0001289_160_T6_2	OG0001289_160	2	0		skip_no_valid_outgroup
OG0001289_160_T7_2	OG0001289_160	2	0		skip_no_valid_outgroup
OG0001289_160_T8_2	OG0001289_160	2	0		skip_no_valid_outgroup
OG0001289_160_T9_2	OG0001289_160	2	0		skip_no_valid_outgroup
OG0001294_159_T1_29	OG0001294_159	29	0		skip_no_valid_outgroup
OG0001294_159_T2_23	OG0001294_159	23	1	MAR_0017894	ok
OG0001294_159_T3_23	OG0001294_159	23	1	ardaradu.V14167.gnm1.Aradu.A07g02842	ok
OG0001294_159_T4_5	OG0001294_159	5	3	ARA_0000998,CEC_0016113,ardaradu.V14167.gnm1.Aradu.A05g00042	ok
OG0001294_159_T5_2	OG0001294_159	2	0		skip_no_valid_outgroup
OG0001294_159_T6_2	OG0001294_159	2	1	ardaradu.V14167.gnm1.Aradu.A05g00042	ok
OG0001294_159_T7_2	OG0001294_159	2	0		skip_no_valid_outgroup
OG0001294_159_T8_2	OG0001294_159	2	2	LOC107615517,ardaradu.V14167.gnm1.Aradu.A09g01500	ok
OG0001297_159_T1_28	OG0001297_159	28	0		skip_no_valid_outgroup
OG0001297_159_T2_11	OG0001297_159	11	8	ACT_0030634,ARA_0000220,CEC_0011872,CIN_0011669,COF_0015929,CUC_0005778,MIM_0016894,NYM_0039076	ok
OG0001297_159_T3_2	OG0001297_159	2	0		skip_no_valid_outgroup
OG0001297_159_T4_2	OG0001297_159	2	0		skip_no_valid_outgroup
OG0001297_159_T5_2	OG0001297_159	2	0		skip_no_valid_outgroup
OG0001297_159_T6_2	OG0001297_159	2	1	LOC107613081	ok
OG0001297_159_T7_2	OG0001297_159	2	0		skip_no_valid_outgroup
OG0001297_159_T8_2	OG0001297_159	2	0		skip_no_valid_outgroup
OG0001297_159_T9_2	OG0001297_159	2	0		skip_no_valid_outgroup
OG0001297_159_T10_2	OG0001297_159	2	0		skip_no_valid_outgroup
OG0001297_159_T11_2	OG0001297_159	2	0		skip_no_valid_outgroup
OG0001297_159_T12_2	OG0001297_159	2	0		skip_no_valid_outgroup
OG0001297_159_T13_2	OG0001297_159	2	1	ardaradu.V14167.gnm1.Aradu.A08g02273	ok
OG0001297_159_T14_2	OG0001297_159	2	1	LOC107613595	ok
OG0001297_159_T15_2	OG0001297_159	2	0		skip_no_valid_outgroup
OG0001297_159_T16_2	OG0001297_159	2	0		skip_no_valid_outgroup
OG0001297_159_T17_2	OG0001297_159	2	0		skip_no_valid_outgroup
OG0001297_159_T18_2	OG0001297_159	2	0		skip_no_valid_outgroup
OG0001297_159_T19_2	OG0001297_159	2	0		skip_no_valid_outgroup
OG0001297_159_T20_2	OG0001297_159	2	0		skip_no_valid_outgroup
OG0001297_159_T21_2	OG0001297_159	2	0		skip_no_valid_outgroup
OG0001297_159_T22_2	OG0001297_159	2	0		skip_no_valid_outgroup
OG0001297_159_T23_2	OG0001297_159	2	0		skip_no_valid_outgroup
OG0001297_159_T24_2	OG0001297_159	2	0		skip_no_valid_outgroup
OG0001297_159_T25_2	OG0001297_159	2	0		skip_no_valid_outgroup
OG0001299_159_T1_24	OG0001299_159	24	0		skip_no_valid_outgroup
OG0001299_159_T2_22	OG0001299_159	22	1	ardaradu.V14167.gnm1.Aradu.A06g00392	ok
OG0001299_159_T3_5	OG0001299_159	5	6	ARA_0011686,CEC_0004976,LOC107645851,MED_0036827,PHA_0030433,ardaradu.V14167.gnm1.Aradu.A06g00392	ok
OG0001299_159_T4_3	OG0001299_159	3	10	ACT_0014159,ARA_0011686,CEC_0004976,LOC107645851,MED_0036827,MIM_0018994,PHA_0030433,SOL_0026175,VIT_0001250,ardaradu.V14167.gnm1.Aradu.A06g00392	ok
OG0001299_159_T5_2	OG0001299_159	2	0		skip_no_valid_outgroup
OG0001299_159_T6_2	OG0001299_159	2	0		skip_no_valid_outgroup
OG0001299_159_T7_2	OG0001299_159	2	0		skip_no_valid_outgroup
OG0001299_159_T8_2	OG0001299_159	2	0		skip_no_valid_outgroup
OG0001307_159_T1_29	OG0001307_159	29	0		skip_no_valid_outgroup
OG0001307_159_T2_13	OG0001307_159	13	1	ACT_0030304	ok
OG0001307_159_T3_13	OG0001307_159	13	0		skip_no_valid_outgroup
OG0001307_159_T4_12	OG0001307_159	12	1	ACT_0030304	ok
OG0001307_159_T5_6	OG0001307_159	6	0		skip_no_valid_outgroup
OG0001307_159_T6_4	OG0001307_159	4	1	MED_0006020	ok
OG0001307_159_T7_2	OG0001307_159	2	0		skip_no_valid_outgroup
OG0001307_159_T8_2	OG0001307_159	2	0		skip_no_valid_outgroup
OG0001307_159_T9_2	OG0001307_159	2	0		skip_no_valid_outgroup
OG0001307_159_T10_2	OG0001307_159	2	2	LOC107648216,ardaradu.V14167.gnm1.Aradu.A06g01461	ok
OG0001309_158_T1_27	OG0001309_158	27	1	CHL_0006950	ok
OG0001309_158_T2_23	OG0001309_158	23	0		skip_no_valid_outgroup
OG0001309_158_T3_5	OG0001309_158	5	0		skip_no_valid_outgroup
OG0001309_158_T4_3	OG0001309_158	3	0		skip_no_valid_outgroup
OG0001309_158_T5_3	OG0001309_158	3	0		skip_no_valid_outgroup
OG0001309_158_T6_2	OG0001309_158	2	0		skip_no_valid_outgroup
OG0001309_158_T7_2	OG0001309_158	2	0		skip_no_valid_outgroup
OG0001309_158_T8_2	OG0001309_158	2	0		skip_no_valid_outgroup
OG0001309_158_T9_2	OG0001309_158	2	1	ardaradu.V14167.gnm1.Aradu.A03g01703	ok
OG0001311_158_T1_28	OG0001311_158	28	0		skip_no_valid_outgroup
OG0001311_158_T2_19	OG0001311_158	19	2	ASP_0006111,MAR_0011608	ok
OG0001311_158_T3_10	OG0001311_158	10	0		skip_no_valid_outgroup
OG0001311_158_T4_5	OG0001311_158	5	0		skip_no_valid_outgroup
OG0001311_158_T5_2	OG0001311_158	2	2	ASP_0006111,MAR_0011608	ok
OG0001311_158_T6_2	OG0001311_158	2	0		skip_no_valid_outgroup
OG0001311_158_T7_2	OG0001311_158	2	0		skip_no_valid_outgroup
OG0001311_158_T8_2	OG0001311_158	2	0		skip_no_valid_outgroup
OG0001311_158_T9_2	OG0001311_158	2	0		skip_no_valid_outgroup
OG0001311_158_T10_2	OG0001311_158	2	0		skip_no_valid_outgroup
OG0001311_158_T11_2	OG0001311_158	2	0		skip_no_valid_outgroup
OG0001311_158_T12_2	OG0001311_158	2	0		skip_no_valid_outgroup
OG0001311_158_T13_2	OG0001311_158	2	0		skip_no_valid_outgroup
OG0001311_158_T14_2	OG0001311_158	2	0		skip_no_valid_outgroup
OG0001311_158_T15_2	OG0001311_158	2	0		skip_no_valid_outgroup
OG0001312_158_T1_30	OG0001312_158	30	0		skip_no_valid_outgroup
OG0001312_158_T2_22	OG0001312_158	22	1	ardaradu.V14167.gnm1.Aradu.A01g00300	ok
OG0001312_158_T3_4	OG0001312_158	4	1	ardaradu.V14167.gnm1.Aradu.A08g02824	ok
OG0001312_158_T4_2	OG0001312_158	2	0		skip_no_valid_outgroup
OG0001312_158_T5_2	OG0001312_158	2	0		skip_no_valid_outgroup
OG0001317_157_T1_27	OG0001317_157	27	0		skip_no_valid_outgroup
OG0001317_157_T2_25	OG0001317_157	25	0		skip_no_valid_outgroup
OG0001317_157_T3_20	OG0001317_157	20	5	ACT_0033263,ASP_0017599,BRA_0030439,CUC_0011261,ORY_0008186	ok
OG0001317_157_T4_4	OG0001317_157	4	12	ARA_0016709,CEC_0021627,COF_0008342,GLY_0027956,LOC107605260,MED_0011133,MIM_0004010,PHA_0011621,POP_0029042,VIT_0019794,ardaradu.V14167.gnm1.Aradu.A06g02984,arharahy.Tifrunner.gnm1.Arahy.06g02848	ok
OG0001317_157_T5_2	OG0001317_157	2	0		skip_no_valid_outgroup
OG0001317_157_T6_2	OG0001317_157	2	1	ardaradu.V14167.gnm1.Aradu.A06g02768	ok
OG0001317_157_T7_2	OG0001317_157	2	0		skip_no_valid_outgroup
OG0001317_157_T8_2	OG0001317_157	2	6	ARA_0027104,CEC_0004759,LOC107635187,PHA_0018309,VIT_0018110,ardaradu.V14167.gnm1.Aradu.A04g03101	ok
OG0001318_157_T1_24	OG0001318_157	24	0		skip_no_valid_outgroup
OG0001318_157_T2_22	OG0001318_157	22	1	ardaradu.V14167.gnm1.Aradu.A06g00400	ok
OG0001318_157_T3_10	OG0001318_157	10	1	VIT_0004543	ok
OG0001318_157_T4_5	OG0001318_157	5	4	ARA_0026439,CEC_0012979,LOC107617814,PRU_0036743	ok
OG0001318_157_T5_5	OG0001318_157	5	10	ACT_0037725,ARA_0006546,CEC_0004986,COF_0008831,HEL_0025258,LOC107646482,MED_0036820,MIM_0030196,PRU_0013280,ardaradu.V14167.gnm1.Aradu.A06g00400	ok
OG0001318_157_T6_2	OG0001318_157	2	0		skip_no_valid_outgroup
OG0001318_157_T7_2	OG0001318_157	2	0		skip_no_valid_outgroup
OG0001318_157_T8_2	OG0001318_157	2	1	ASP_0019892	ok
OG0001318_157_T9_2	OG0001318_157	2	0		skip_no_valid_outgroup
OG0001318_157_T10_2	OG0001318_157	2	0		skip_no_valid_outgroup
OG0001318_157_T11_2	OG0001318_157	2	2	CEC_0012979,PRU_0036743	ok
OG0001318_157_T12_2	OG0001318_157	2	1	LOC107617814	ok
OG0001318_157_T13_2	OG0001318_157	2	1	LOC107617814	ok
OG0001318_157_T14_2	OG0001318_157	2	0		skip_no_valid_outgroup
OG0001318_157_T15_2	OG0001318_157	2	0		skip_no_valid_outgroup
OG0001318_157_T16_2	OG0001318_157	2	6	ARA_0006546,CEC_0004986,LOC107646482,MED_0036820,PRU_0013280,ardaradu.V14167.gnm1.Aradu.A06g00400	ok
OG0001319_157_T1_29	OG0001319_157	29	0		skip_no_valid_outgroup
OG0001319_157_T2_25	OG0001319_157	25	0		skip_no_valid_outgroup
OG0001319_157_T3_5	OG0001319_157	5	0		skip_no_valid_outgroup
OG0001319_157_T4_2	OG0001319_157	2	0		skip_no_valid_outgroup
OG0001319_157_T5_2	OG0001319_157	2	0		skip_no_valid_outgroup
OG0001319_157_T6_2	OG0001319_157	2	0		skip_no_valid_outgroup
OG0002437_101_T1_29	OG0002437_101	29	0		skip_no_valid_outgroup
OG0002437_101_T2_26	OG0002437_101	26	1	CUC_0008956	ok
OG0002437_101_T3_2	OG0002437_101	2	1	ardaradu.V14167.gnm1.Aradu.A06g00556	ok
OG0002437_101_T4_2	OG0002437_101	2	0		skip_no_valid_outgroup
OG0002437_101_T5_2	OG0002437_101	2	0		skip_no_valid_outgroup
OG0002437_101_T6_2	OG0002437_101	2	0		skip_no_valid_outgroup
OG0002440_101_T1_26	OG0002440_101	26	0		skip_no_valid_outgroup
OG0002440_101_T2_20	OG0002440_101	20	4	AMB_0001723,CIN_0018278,GIN_0021789,ardaradu.V14167.gnm1.Aradu.A02g02413	ok
OG0002440_101_T3_2	OG0002440_101	2	13	ACT_0019852,AQU_0020299,ASP_0011363,CEC_0015350,CIN_0018278,CUC_0020237,GIN_0021789,HEL_0026044,LOC107625833,PRU_0042371,SOL_0026823,VIT_0012480,ardaradu.V14167.gnm1.Aradu.A02g02413	ok
OG0002440_101_T4_2	OG0002440_101	2	0		skip_no_valid_outgroup
OG0002442_101_T1_23	OG0002442_101	23	0		skip_no_valid_outgroup
OG0002442_101_T2_4	OG0002442_101	4	5	CEC_0012869,COF_0011800,LOC107630888,MED_0015697,MIM_0006604	ok
OG0002442_101_T3_4	OG0002442_101	4	1	MED_0015697	ok
OG0002442_101_T4_3	OG0002442_101	3	5	CEC_0012869,COF_0011800,LOC107630888,MED_0015697,MIM_0006604	ok
OG0002442_101_T5_2	OG0002442_101	2	3	CEC_0012869,LOC107630888,MED_0015697	ok
OG0002447_101_T1_27	OG0002447_101	27	0		skip_no_valid_outgroup
OG0002447_101_T2_9	OG0002447_101	9	2	ASP_0012506,CEC_0016350	ok
OG0002447_101_T3_6	OG0002447_101	6	0		skip_no_valid_outgroup
OG0002447_101_T4_3	OG0002447_101	3	1	CEC_0016350	ok
OG0002447_101_T5_2	OG0002447_101	2	1	LOC107619869	ok
OG0002447_101_T6_2	OG0002447_101	2	0		skip_no_valid_outgroup
OG0002449_101_T1_29	OG0002449_101	29	0		skip_no_valid_outgroup
OG0002449_101_T2_2	OG0002449_101	2	0		skip_no_valid_outgroup
OG0002449_101_T3_2	OG0002449_101	2	0		skip_no_valid_outgroup
OG0002449_101_T4_2	OG0002449_101	2	0		skip_no_valid_outgroup
OG0002449_101_T5_2	OG0002449_101	2	0		skip_no_valid_outgroup
OG0002450_101_T1_20	OG0002450_101	20	0		skip_no_valid_outgroup
OG0002450_101_T2_17	OG0002450_101	17	2	AMB_0017757,MAR_0013042	ok
OG0002450_101_T3_2	OG0002450_101	2	6	CEC_0025180,CUC_0003589,LOC107616938,MAR_0013042,ardaradu.V14167.gnm1.Aradu.A01g00301,arharahy.Tifrunner.gnm1.Arahy.11g00632	ok
OG0002450_101_T4_2	OG0002450_101	2	6	CEC_0025180,CUC_0003589,LOC107616938,MAR_0013042,ardaradu.V14167.gnm1.Aradu.A01g00301,arharahy.Tifrunner.gnm1.Arahy.11g00632	ok
OG0002450_101_T5_2	OG0002450_101	2	6	ARA_0010831,COF_0005469,HEL_0025290,MAR_0013042,SOL_0004174,VIT_0005401	ok
OG0002450_101_T6_2	OG0002450_101	2	5	ARA_0010831,COF_0005469,HEL_0025290,SOL_0004174,VIT_0005401	ok
OG0002451_101_T1_26	OG0002451_101	26	0		skip_no_valid_outgroup
OG0002451_101_T2_8	OG0002451_101	8	3	ARA_0010321,CEC_0023542,MED_0016073	ok
OG0002451_101_T3_4	OG0002451_101	4	1	MED_0016073	ok
OG0002451_101_T4_3	OG0002451_101	3	6	ARA_0010321,BRA_0016494,CEC_0023542,CIN_0010745,COF_0002769,MED_0016073	ok
OG0002451_101_T5_2	OG0002451_101	2	0		skip_no_valid_outgroup
OG0002451_101_T6_2	OG0002451_101	2	0		skip_no_valid_outgroup
OG0002462_100_T1_24	OG0002462_100	24	0		skip_no_valid_outgroup
OG0002462_100_T2_23	OG0002462_100	23	0		skip_no_valid_outgroup
OG0002462_100_T3_6	OG0002462_100	6	0		skip_no_valid_outgroup
OG0002462_100_T4_5	OG0002462_100	5	1	ardaradu.V14167.gnm1.Aradu.A04g01247	ok
OG0002462_100_T5_2	OG0002462_100	2	0		skip_no_valid_outgroup
OG0002462_100_T6_2	OG0002462_100	2	0		skip_no_valid_outgroup
OG0002464_100_T1_27	OG0002464_100	27	0		skip_no_valid_outgroup
OG0002464_100_T2_10	OG0002464_100	10	11	ACT_0015230,AMB_0005828,ASP_0005080,BRA_0024598,CIN_0011235,GIN_0000165,MAR_0006514,MIM_0020799,ORY_0026156,SOL_0003442,VIT_0025918	ok
OG0002464_100_T3_3	OG0002464_100	3	0		skip_no_valid_outgroup
OG0002464_100_T4_2	OG0002464_100	2	8	ACT_0015230,AMB_0005828,CUC_0011714,GIN_0000165,MAR_0006514,MIM_0020799,PRU_0027911,SOL_0003442	ok
OG0002464_100_T5_2	OG0002464_100	2	0		skip_no_valid_outgroup
OG0002464_100_T6_2	OG0002464_100	2	0		skip_no_valid_outgroup
OG0002464_100_T7_2	OG0002464_100	2	10	ACT_0015230,AMB_0005828,ASP_0005080,BRA_0024598,CEC_0011727,CIN_0011235,GIN_0000165,MAR_0006514,MIM_0020799,ORY_0026156	ok
OG0002464_100_T8_2	OG0002464_100	2	1	ardaradu.V14167.gnm1.Aradu.A01g02271	ok
OG0002466_100_T1_29	OG0002466_100	29	0		skip_no_valid_outgroup
OG0002466_100_T2_5	OG0002466_100	5	0		skip_no_valid_outgroup
OG0002466_100_T3_3	OG0002466_100	3	0		skip_no_valid_outgroup
OG0002466_100_T4_2	OG0002466_100	2	0		skip_no_valid_outgroup
OG0002466_100_T5_2	OG0002466_100	2	0		skip_no_valid_outgroup
OG0002466_100_T6_2	OG0002466_100	2	0		skip_no_valid_outgroup
OG0002466_100_T7_2	OG0002466_100	2	0		skip_no_valid_outgroup
OG0002466_100_T8_2	OG0002466_100	2	0		skip_no_valid_outgroup
OG0002470_100_T1_16	OG0002470_100	16	0		skip_no_valid_outgroup
OG0002470_100_T2_12	OG0002470_100	12	0		skip_no_valid_outgroup
OG0002470_100_T3_6	OG0002470_100	6	1	CEC_0025283	ok
OG0002470_100_T4_5	OG0002470_100	5	0		skip_no_valid_outgroup
OG0002470_100_T5_2	OG0002470_100	2	0		skip_no_valid_outgroup
OG0002470_100_T6_2	OG0002470_100	2	0		skip_no_valid_outgroup
OG0002470_100_T7_2	OG0002470_100	2	0		skip_no_valid_outgroup
OG0002470_100_T8_2	OG0002470_100	2	0		skip_no_valid_outgroup
OG0002470_100_T9_2	OG0002470_100	2	1	CEC_0025283	ok
OG0002470_100_T10_2	OG0002470_100	2	0		skip_no_valid_outgroup
OG0002471_100_T1_29	OG0002471_100	29	0		skip_no_valid_outgroup
OG0002471_100_T2_24	OG0002471_100	24	1	NYM_0033425	ok
OG0002471_100_T3_5	OG0002471_100	5	0		skip_no_valid_outgroup
OG0002471_100_T4_4	OG0002471_100	4	1	ardaradu.V14167.gnm1.Aradu.A08g00743	ok
OG0002471_100_T5_2	OG0002471_100	2	0		skip_no_valid_outgroup
OG0002471_100_T6_2	OG0002471_100	2	0		skip_no_valid_outgroup
OG0002471_100_T7_2	OG0002471_100	2	0		skip_no_valid_outgroup
OG0002485_100_T1_27	OG0002485_100	27	0		skip_no_valid_outgroup
OG0002485_100_T2_3	OG0002485_100	3	0		skip_no_valid_outgroup
OG0002485_100_T3_3	OG0002485_100	3	0		skip_no_valid_outgroup
OG0002485_100_T4_3	OG0002485_100	3	0		skip_no_valid_outgroup
OG0002485_100_T5_3	OG0002485_100	3	4	BRA_0049463,CIN_0015130,HEL_0016085,SOL_0021715	ok
OG0002485_100_T6_2	OG0002485_100	2	0		skip_no_valid_outgroup
OG0002485_100_T7_2	OG0002485_100	2	0		skip_no_valid_outgroup
OG0002485_100_T8_2	OG0002485_100	2	0		skip_no_valid_outgroup
OG0002485_100_T9_2	OG0002485_100	2	0		skip_no_valid_outgroup
OG0002498_99_T1_29	OG0002498_99	29	0		skip_no_valid_outgroup
OG0002498_99_T2_5	OG0002498_99	5	0		skip_no_valid_outgroup
OG0002498_99_T3_2	OG0002498_99	2	4	CEC_0030853,COF_0009246,CUC_0020372,VIT_0011608	ok
OG0002498_99_T4_2	OG0002498_99	2	1	LOC107639785	ok
OG0002498_99_T5_2	OG0002498_99	2	0		skip_no_valid_outgroup
OG0002498_99_T6_2	OG0002498_99	2	0		skip_no_valid_outgroup
OG0002498_99_T7_2	OG0002498_99	2	0		skip_no_valid_outgroup
OG0002506_99_T1_30	OG0002506_99	30	0		skip_no_valid_outgroup
OG0002506_99_T2_23	OG0002506_99	23	2	CIN_0023363,ardaradu.V14167.gnm1.Aradu.A10g01257	ok
OG0002508_99_T1_28	OG0002508_99	28	0		skip_no_valid_outgroup
OG0002508_99_T2_24	OG0002508_99	24	2	COF_0024837,MIM_0002519	ok
OG0002508_99_T3_2	OG0002508_99	2	0		skip_no_valid_outgroup
OG0002508_99_T4_2	OG0002508_99	2	0		skip_no_valid_outgroup
OG0002511_99_T1_28	OG0002511_99	28	0		skip_no_valid_outgroup
OG0002511_99_T2_19	OG0002511_99	19	2	AQU_0020848,COF_0020722	ok
OG0002511_99_T3_3	OG0002511_99	3	0		skip_no_valid_outgroup
OG0002511_99_T4_3	OG0002511_99	3	3	AQU_0020848,CEC_0017311,COF_0020722	ok
OG0002511_99_T5_2	OG0002511_99	2	0		skip_no_valid_outgroup
OG0002511_99_T6_2	OG0002511_99	2	0		skip_no_valid_outgroup
OG0002519_99_T1_29	OG0002519_99	29	0		skip_no_valid_outgroup
OG0002519_99_T2_15	OG0002519_99	15	5	ACT_0036932,AMB_0000776,AQU_0001128,HEL_0021996,MAR_0001185	ok
OG0002519_99_T3_4	OG0002519_99	4	15	ACT_0036932,AMB_0000776,AQU_0001128,ARA_0018153,CEC_0006200,COF_0015239,HEL_0021996,LIR_0019004,LOC107604654,MAR_0001185,PHA_0026555,POP_0008145,SOL_0009454,VIT_0002724,ardaradu.V14167.gnm1.Aradu.A06g02038	ok
OG0002519_99_T4_2	OG0002519_99	2	10	ARA_0018153,CEC_0006200,HEL_0021996,LOC107604654,MAR_0001185,PHA_0026555,POP_0008145,SOL_0009454,VIT_0002724,ardaradu.V14167.gnm1.Aradu.A06g02038	ok
OG0002519_99_T5_2	OG0002519_99	2	13	ACT_0036932,ARA_0018153,CEC_0006200,COF_0015239,HEL_0021996,LIR_0019004,LOC107604654,MAR_0001185,PHA_0026555,POP_0008145,SOL_0009454,VIT_0002724,ardaradu.V14167.gnm1.Aradu.A06g02038	ok
OG0002519_99_T6_2	OG0002519_99	2	0		skip_no_valid_outgroup
OG0002519_99_T7_2	OG0002519_99	2	0		skip_no_valid_outgroup
OG0002519_99_T8_2	OG0002519_99	2	1	SOL_0019106	ok
OG0002519_99_T9_2	OG0002519_99	2	2	LOC107642629,MED_0024649	ok
OG0002521_99_T1_29	OG0002521_99	29	0		skip_no_valid_outgroup
OG0002521_99_T2_5	OG0002521_99	5	0		skip_no_valid_outgroup
OG0002521_99_T3_3	OG0002521_99	3	0		skip_no_valid_outgroup
OG0002521_99_T4_2	OG0002521_99	2	0		skip_no_valid_outgroup
OG0002521_99_T5_2	OG0002521_99	2	0		skip_no_valid_outgroup
OG0002521_99_T6_2	OG0002521_99	2	0		skip_no_valid_outgroup
OG0002522_99_T1_23	OG0002522_99	23	0		skip_no_valid_outgroup
OG0002522_99_T2_23	OG0002522_99	23	0		skip_no_valid_outgroup
OG0002522_99_T3_12	OG0002522_99	12	6	ARA_0003272,ASP_0010162,CEC_0011712,ORY_0018321,POP_0006337,ardaradu.V14167.gnm1.Aradu.A03g02338	ok
OG0002522_99_T4_2	OG0002522_99	2	0		skip_no_valid_outgroup
OG0002522_99_T5_2	OG0002522_99	2	11	ACT_0023149,AQU_0019011,ARA_0003272,ASP_0010162,CEC_0011712,COF_0015836,HEL_0015607,ORY_0018321,POP_0006337,SOL_0003954,ardaradu.V14167.gnm1.Aradu.A03g02338	ok
OG0002522_99_T6_2	OG0002522_99	2	2	LOC107630471,ardaradu.V14167.gnm1.Aradu.A03g02338	ok
OG0002522_99_T7_2	OG0002522_99	2	0		skip_no_valid_outgroup
OG0002523_99_T1_24	OG0002523_99	24	0		skip_no_valid_outgroup
OG0002523_99_T2_27	OG0002523_99	27	1	LOC107622946	ok
OG0002523_99_T3_6	OG0002523_99	6	12	ACT_0034654,AMB_0016251,ARA_0019361,ASP_0010055,CIN_0004558,COF_0003959,CUC_0025237,GIN_0009666,LIR_0030645,MIM_0001997,SOL_0010718,VIT_0020031	ok
OG0002523_99_T4_2	OG0002523_99	2	0		skip_no_valid_outgroup
OG0002523_99_T5_2	OG0002523_99	2	0		skip_no_valid_outgroup
OG0002523_99_T6_2	OG0002523_99	2	0		skip_no_valid_outgroup
OG0002523_99_T7_2	OG0002523_99	2	0		skip_no_valid_outgroup
OG0002524_99_T1_28	OG0002524_99	28	0		skip_no_valid_outgroup
OG0002524_99_T2_5	OG0002524_99	5	0		skip_no_valid_outgroup
OG0002524_99_T3_2	OG0002524_99	2	0		skip_no_valid_outgroup
OG0002524_99_T4_2	OG0002524_99	2	11	AMB_0000787,ARA_0021308,ASP_0026818,CEC_0007552,CUC_0017829,GIN_0006779,LOC107617920,MIM_0030264,ORY_0009959,SOL_0003675,VIT_0021650	ok
OG0002527_99_T1_23	OG0002527_99	23	0		skip_no_valid_outgroup
OG0002527_99_T2_19	OG0002527_99	19	5	AMB_0010365,ASP_0002583,GIN_0013075,MAR_0015893,ardaradu.V14167.gnm1.Aradu.A05g03187	ok
OG0002527_99_T3_5	OG0002527_99	5	5	CEC_0007098,CUC_0026031,LOC107644009,PHA_0016053,ardaradu.V14167.gnm1.Aradu.A05g03187	ok
OG0002527_99_T4_2	OG0002527_99	2	8	AQU_0040031,ASP_0002583,COF_0017248,CUC_0026031,LOC107644009,PHA_0016053,VIT_0000618,ardaradu.V14167.gnm1.Aradu.A05g03187	ok
OG0002527_99_T5_2	OG0002527_99	2	0		skip_no_valid_outgroup
OG0002527_99_T6_2	OG0002527_99	2	0		skip_no_valid_outgroup
OG0002528_99_T1_20	OG0002528_99	20	0		skip_no_valid_outgroup
OG0002528_99_T2_12	OG0002528_99	12	6	AMB_0006412,COF_0021767,GIN_0019002,LIR_0034292,SOL_0014700,VIT_0020678	ok
OG0002528_99_T3_8	OG0002528_99	8	7	ACT_0038551,CEC_0028905,GIN_0019002,LIR_0034292,PHA_0015448,VIT_0020678,ardaradu.V14167.gnm1.Aradu.A04g02520	ok
OG0002528_99_T4_4	OG0002528_99	4	6	AMB_0006412,ASP_0016509,COF_0021767,GIN_0019002,LIR_0034292,SOL_0014700	ok
OG0002528_99_T5_3	OG0002528_99	3	2	PHA_0015448,ardaradu.V14167.gnm1.Aradu.A04g02520	ok
OG0002528_99_T6_2	OG0002528_99	2	1	arharahy.Tifrunner.gnm1.Arahy.15g03994	ok
OG0004376_65_T1_30	OG0004376_65	30	0		skip_no_valid_outgroup
OG0004390_65_T1_29	OG0004390_65	29	0		skip_no_valid_outgroup
OG0004390_65_T2_2	OG0004390_65	2	1	LOC107613184	ok
OG0004390_65_T3_2	OG0004390_65	2	0		skip_no_valid_outgroup
OG0004390_65_T4_2	OG0004390_65	2	0		skip_no_valid_outgroup
OG0004411_65_T1_27	OG0004411_65	27	0		skip_no_valid_outgroup
OG0004411_65_T2_3	OG0004411_65	3	0		skip_no_valid_outgroup
OG0004411_65_T3_2	OG0004411_65	2	1	GLY_0044819	ok
OG0004434_65_T1_29	OG0004434_65	29	0		skip_no_valid_outgroup
OG0004434_65_T2_2	OG0004434_65	2	0		skip_no_valid_outgroup
OG0004434_65_T3_2	OG0004434_65	2	0		skip_no_valid_outgroup
OG0004434_65_T4_2	OG0004434_65	2	0		skip_no_valid_outgroup
OG0004434_65_T5_2	OG0004434_65	2	0		skip_no_valid_outgroup
OG0004434_65_T6_2	OG0004434_65	2	0		skip_no_valid_outgroup
OG0004443_65_T1_30	OG0004443_65	30	0		skip_no_valid_outgroup
OG0004443_65_T2_2	OG0004443_65	2	1	MIM_0010147	ok
OG0004444_65_T1_29	OG0004444_65	29	0		skip_no_valid_outgroup
OG0004444_65_T2_2	OG0004444_65	2	0		skip_no_valid_outgroup
OG0004444_65_T3_2	OG0004444_65	2	0		skip_no_valid_outgroup
OG0004444_65_T4_2	OG0004444_65	2	0		skip_no_valid_outgroup
OG0004445_65_T1_29	OG0004445_65	29	0		skip_no_valid_outgroup
OG0004445_65_T2_2	OG0004445_65	2	1	ardaradu.V14167.gnm1.Aradu.A02g01188	ok
OG0004445_65_T3_2	OG0004445_65	2	1	LOC107625159	ok
OG0004445_65_T4_2	OG0004445_65	2	0		skip_no_valid_outgroup
OG0004446_65_T1_29	OG0004446_65	29	0		skip_no_valid_outgroup
OG0004446_65_T2_2	OG0004446_65	2	0		skip_no_valid_outgroup
OG0004449_65_T1_29	OG0004449_65	29	0		skip_no_valid_outgroup
OG0004449_65_T2_2	OG0004449_65	2	0		skip_no_valid_outgroup
OG0004452_65_T1_28	OG0004452_65	28	0		skip_no_valid_outgroup
OG0004452_65_T2_3	OG0004452_65	3	1	ardaradu.V14167.gnm1.Aradu.A09g00656	ok
OG0004452_65_T3_2	OG0004452_65	2	0		skip_no_valid_outgroup
OG0004452_65_T4_2	OG0004452_65	2	0		skip_no_valid_outgroup
OG0004452_65_T5_2	OG0004452_65	2	0		skip_no_valid_outgroup
OG0004471_64_T1_28	OG0004471_64	28	0		skip_no_valid_outgroup
OG0004471_64_T2_2	OG0004471_64	2	0		skip_no_valid_outgroup
OG0004471_64_T3_2	OG0004471_64	2	0		skip_no_valid_outgroup
OG0004471_64_T4_2	OG0004471_64	2	0		skip_no_valid_outgroup
OG0004472_64_T1_29	OG0004472_64	29	0		skip_no_valid_outgroup
OG0004472_64_T2_2	OG0004472_64	2	0		skip_no_valid_outgroup
OG0004472_64_T3_2	OG0004472_64	2	0		skip_no_valid_outgroup
OG0004474_64_T1_29	OG0004474_64	29	0		skip_no_valid_outgroup
OG0004474_64_T2_5	OG0004474_64	5	0		skip_no_valid_outgroup
OG0004474_64_T3_2	OG0004474_64	2	0		skip_no_valid_outgroup
OG0004478_64_T1_30	OG0004478_64	30	0		skip_no_valid_outgroup
OG0004478_64_T2_3	OG0004478_64	3	0		skip_no_valid_outgroup
OG0004478_64_T3_2	OG0004478_64	2	0		skip_no_valid_outgroup
OG0004480_64_T1_28	OG0004480_64	28	0		skip_no_valid_outgroup
OG0004480_64_T2_12	OG0004480_64	12	3	BRA_0053956,ORY_0024712,PHA_0024906	ok
OG0004480_64_T3_2	OG0004480_64	2	1	COF_0006717	ok
OG0004480_64_T4_2	OG0004480_64	2	0		skip_no_valid_outgroup
OG0004485_64_T1_29	OG0004485_64	29	0		skip_no_valid_outgroup
OG0004485_64_T2_5	OG0004485_64	5	0		skip_no_valid_outgroup
OG0004485_64_T3_2	OG0004485_64	2	0		skip_no_valid_outgroup
OG0004485_64_T4_2	OG0004485_64	2	0		skip_no_valid_outgroup
OG0004491_64_T1_28	OG0004491_64	28	0		skip_no_valid_outgroup
OG0004491_64_T2_3	OG0004491_64	3	0		skip_no_valid_outgroup
OG0004491_64_T3_2	OG0004491_64	2	15	ACT_0001003,AMB_0016626,ARA_0001711,ASP_0012939,CEC_0030805,CIN_0015138,COF_0008013,CUC_0020331,GIN_0002817,HEL_0006938,MAR_0008071,POP_0002302,PRU_0004934,SOL_0004817,VIT_0012007	ok
OG0004491_64_T4_2	OG0004491_64	2	0		skip_no_valid_outgroup
OG0004491_64_T5_2	OG0004491_64	2	15	ACT_0001003,AMB_0016626,ARA_0001711,ASP_0012939,CEC_0030805,CIN_0015138,COF_0008013,CUC_0020331,GIN_0002817,HEL_0006938,MAR_0008071,POP_0002302,PRU_0004934,SOL_0004817,VIT_0012007	ok
OG0004492_64_T1_30	OG0004492_64	30	0		skip_no_valid_outgroup
OG0004493_64_T1_29	OG0004493_64	29	0		skip_no_valid_outgroup
OG0004493_64_T2_2	OG0004493_64	2	0		skip_no_valid_outgroup
OG0004493_64_T3_2	OG0004493_64	2	0		skip_no_valid_outgroup
OG0004493_64_T4_2	OG0004493_64	2	0		skip_no_valid_outgroup
OG0004494_64_T1_27	OG0004494_64	27	0		skip_no_valid_outgroup
OG0004494_64_T2_12	OG0004494_64	12	2	ARA_0026251,ardaradu.V14167.gnm1.Aradu.A08g00180	ok
OG0004494_64_T3_3	OG0004494_64	3	4	ARA_0026251,BRA_0028258,ORY_0005928,SOL_0009913	ok
OG0004494_64_T4_3	OG0004494_64	3	2	ARA_0026251,SOL_0009913	ok
OG0004494_64_T5_2	OG0004494_64	2	0		skip_no_valid_outgroup
OG0004495_64_T1_29	OG0004495_64	29	0		skip_no_valid_outgroup
OG0004495_64_T2_2	OG0004495_64	2	1	LOC107625103	ok
OG0004506_64_T1_30	OG0004506_64	30	0		skip_no_valid_outgroup
OG0004506_64_T2_2	OG0004506_64	2	1	LOC107625463	ok
OG0004506_64_T3_2	OG0004506_64	2	1	ardaradu.V14167.gnm1.Aradu.A06g03299	ok
OG0004506_64_T4_2	OG0004506_64	2	1	LOC107625463	ok
OG0007933_40_T1_29	OG0007933_40	29	0		skip_no_valid_outgroup
OG0007933_40_T2_2	OG0007933_40	2	0		skip_no_valid_outgroup
OG0007937_40_T1_30	OG0007937_40	30	0		skip_no_valid_outgroup
OG0007968_40_T1_29	OG0007968_40	29	0		skip_no_valid_outgroup
OG0007968_40_T2_2	OG0007968_40	2	0		skip_no_valid_outgroup
OG0007968_40_T3_2	OG0007968_40	2	0		skip_no_valid_outgroup
OG0007968_40_T4_2	OG0007968_40	2	0		skip_no_valid_outgroup
OG0007983_40_T1_26	OG0007983_40	26	0		skip_no_valid_outgroup
OG0007983_40_T2_4	OG0007983_40	4	14	ARA_0009119,CEC_0015537,COF_0004902,CUC_0022073,GLY_0004502,HEL_0033677,LIR_0018035,LOC107643815,PHA_0005203,POP_0044697,PRU_0040134,SOL_0032446,VIT_0004768,ardaradu.V14167.gnm1.Aradu.A05g03403	ok
OG0007983_40_T3_2	OG0007983_40	2	5	COF_0004902,CUC_0022073,GIN_0001533,HEL_0033677,SOL_0032446	ok
OG0008026_40_T1_29	OG0008026_40	29	0		skip_no_valid_outgroup
OG0008026_40_T2_2	OG0008026_40	2	1	ardaradu.V14167.gnm1.Aradu.A06g00613	ok
OG0008026_40_T3_2	OG0008026_40	2	0		skip_no_valid_outgroup
OG0008026_40_T4_2	OG0008026_40	2	0		skip_no_valid_outgroup
OG0008032_40_T1_28	OG0008032_40	28	0		skip_no_valid_outgroup
OG0008032_40_T2_2	OG0008032_40	2	18	ACT_0017877,AMB_0013485,AQU_0024974,ARA_0026568,ASP_0009952,BRA_0033909,CEC_0026033,CIN_0015812,COF_0001500,CUC_0012665,GLY_0006315,LOC107606900,MED_0027312,ORY_0015369,PHA_0016571,SOL_0007647,VIT_0024787,ardaradu.V14167.gnm1.Aradu.A07g01326	ok
OG0008032_40_T3_2	OG0008032_40	2	0		skip_no_valid_outgroup
OG0008033_40_T1_29	OG0008033_40	29	0		skip_no_valid_outgroup
OG0008033_40_T2_2	OG0008033_40	2	0		skip_no_valid_outgroup
OG0008047_40_T1_30	OG0008047_40	30	0		skip_no_valid_outgroup
OG0008056_40_T1_26	OG0008056_40	26	0		skip_no_valid_outgroup
OG0008056_40_T2_4	OG0008056_40	4	4	CEC_0023115,GLY_0063442,LOC107645350,ardaradu.V14167.gnm1.Aradu.A06g01457	ok
OG0008056_40_T3_2	OG0008056_40	2	0		skip_no_valid_outgroup
OG0008066_40_T1_29	OG0008066_40	29	0		skip_no_valid_outgroup
OG0008066_40_T2_2	OG0008066_40	2	0		skip_no_valid_outgroup
OG0008111_39_T1_29	OG0008111_39	29	0		skip_no_valid_outgroup
OG0008111_39_T2_2	OG0008111_39	2	0		skip_no_valid_outgroup
OG0008135_39_T1_29	OG0008135_39	29	0		skip_no_valid_outgroup
OG0008135_39_T2_2	OG0008135_39	2	0		skip_no_valid_outgroup
OG0008154_39_T1_29	OG0008154_39	29	0		skip_no_valid_outgroup
OG0008154_39_T2_2	OG0008154_39	2	0		skip_no_valid_outgroup
OG0008159_39_T1_29	OG0008159_39	29	0		skip_no_valid_outgroup
OG0008159_39_T2_2	OG0008159_39	2	20	AMB_0010555,AQU_0023687,ARA_0020191,ASP_0002810,BRA_0054799,CEC_0025124,CIN_0016645,COF_0014511,CUC_0025584,GIN_0015162,LOC107613743,MIM_0028951,NYM_0037246,ORY_0021953,PHA_0030805,PRU_0013704,SOL_0018542,VIT_0022930,ardaradu.V14167.gnm1.Aradu.A01g00353,arharahy.Tifrunner.gnm1.Arahy.11g00558	ok
OG0008161_39_T1_29	OG0008161_39	29	0		skip_no_valid_outgroup
OG0008161_39_T2_2	OG0008161_39	2	0		skip_no_valid_outgroup
OG0008173_39_T1_30	OG0008173_39	30	0		skip_no_valid_outgroup
OG0008177_39_T1_29	OG0008177_39	29	0		skip_no_valid_outgroup
OG0008177_39_T2_2	OG0008177_39	2	0		skip_no_valid_outgroup
OG0008199_39_T1_29	OG0008199_39	29	0		skip_no_valid_outgroup
OG0008199_39_T2_3	OG0008199_39	3	0		skip_no_valid_outgroup
